MOIS,THEMATIQUES,TF1,France_2,France_3,Canal_plus,Arte
janv.-05,Catastrophes,214,191,88,18,40
janv.-05,Culture_loisirs,27,42,35,4,0
janv.-05,Economie,35,18,10,1,8
janv.-05,Education,14,12,4,3,3
janv.-05,Environnement,31,25,15,1,3
janv.-05,Faits divers,24,19,9,1,1
janv.-05,Histoire_hommages,36,38,24,10,23
janv.-05,International,52,61,54,15,108
janv.-05,Justice,20,27,16,11,11
janv.-05,Politique_France,27,25,25,6,22
janv.-05,Santé,21,19,15,0,2
janv.-05,Sciences et techniques,28,11,11,4,2
janv.-05,Société,139,129,65,24,31
janv.-05,Sport,37,49,19,7,0
févr.-05,Catastrophes,42,30,13,4,14
févr.-05,Culture_loisirs,41,66,23,12,5
févr.-05,Economie,46,43,24,2,7
févr.-05,Education,27,31,22,7,7
févr.-05,Environnement,46,25,12,0,6
févr.-05,Faits divers,17,16,13,8,0
févr.-05,Histoire_hommages,14,12,12,1,9
févr.-05,International,100,110,81,26,160
févr.-05,Justice,56,52,43,15,8
févr.-05,Politique_France,23,18,13,2,4
févr.-05,Santé,50,41,20,9,6
févr.-05,Sciences et techniques,17,15,10,0,4
févr.-05,Société,177,132,67,29,27
févr.-05,Sport,54,58,29,18,3
mars-05,Catastrophes,47,44,27,1,10
mars-05,Culture_loisirs,48,81,38,14,2
mars-05,Economie,92,50,27,2,13
mars-05,Education,33,24,15,3,4
mars-05,Environnement,57,57,14,4,0
mars-05,Faits divers,32,28,18,3,9
mars-05,Histoire_hommages,7,7,1,1,3
mars-05,International,109,140,104,30,189
mars-05,Justice,44,60,30,13,21
mars-05,Politique_France,38,22,22,5,5
mars-05,Santé,69,75,44,14,19
mars-05,Sciences et techniques,29,27,8,3,3
mars-05,Société,217,187,89,34,39
mars-05,Sport,55,63,31,15,1
avr.-05,Catastrophes,16,17,7,1,2
avr.-05,Culture_loisirs,28,46,21,8,1
avr.-05,Economie,57,38,20,11,17
avr.-05,Education,12,13,7,2,2
avr.-05,Environnement,30,11,6,1,1
avr.-05,Faits divers,20,19,15,4,4
avr.-05,Histoire_hommages,34,34,19,6,13
avr.-05,International,74,82,66,16,130
avr.-05,Justice,33,26,35,19,5
avr.-05,Politique_France,31,23,15,5,5
avr.-05,Santé,23,24,18,5,3
avr.-05,Sciences et techniques,13,12,8,1,5
avr.-05,Société,275,276,154,47,92
avr.-05,Sport,31,26,16,8,1
mai-05,Catastrophes,12,11,7,1,0
mai-05,Culture_loisirs,47,78,42,10,4
mai-05,Economie,74,65,26,8,15
mai-05,Education,24,9,7,1,4
mai-05,Environnement,33,26,9,1,3
mai-05,Faits divers,18,27,21,9,0
mai-05,Histoire_hommages,22,31,17,4,17
mai-05,International,154,216,119,42,220
mai-05,Justice,43,41,26,19,12
mai-05,Politique_France,56,57,47,16,13
mai-05,Santé,48,35,22,2,2
mai-05,Sciences et techniques,31,23,6,0,2
mai-05,Société,176,143,82,27,37
mai-05,Sport,58,61,38,14,0
juin-05,Catastrophes,37,24,20,1,8
juin-05,Culture_loisirs,38,47,27,2,0
juin-05,Economie,54,44,35,2,11
juin-05,Education,19,22,12,3,2
juin-05,Environnement,54,46,10,0,10
juin-05,Faits divers,13,24,19,10,0
juin-05,Histoire_hommages,3,10,6,0,3
juin-05,International,95,105,91,14,168
juin-05,Justice,51,44,31,11,12
juin-05,Politique_France,29,25,21,4,5
juin-05,Santé,23,32,13,6,1
juin-05,Sciences et techniques,22,25,3,1,3
juin-05,Société,168,134,72,21,26
juin-05,Sport,53,49,34,12,2
juil.-05,Catastrophes,43,46,15,9,12
juil.-05,Culture_loisirs,47,61,25,2,3
juil.-05,Economie,43,34,25,11,12
juil.-05,Education,9,11,8,2,1
juil.-05,Environnement,42,48,18,3,9
juil.-05,Faits divers,14,11,8,4,1
juil.-05,Histoire_hommages,8,11,9,1,4
juil.-05,International,185,208,134,52,148
juil.-05,Justice,22,23,23,14,17
juil.-05,Politique_France,29,31,21,9,8
juil.-05,Santé,21,9,4,1,3
juil.-05,Sciences et techniques,16,24,7,9,9
juil.-05,Société,89,84,61,28,27
juil.-05,Sport,81,94,55,31,4
août-05,Catastrophes,142,169,96,35,48
août-05,Culture_loisirs,48,72,31,6,7
août-05,Economie,58,58,35,9,5
août-05,Education,25,19,12,3,2
août-05,Environnement,66,53,27,6,13
août-05,Faits divers,34,34,17,10,9
août-05,Histoire_hommages,14,15,17,2,12
août-05,International,67,81,53,38,176
août-05,Justice,15,20,19,4,7
août-05,Politique_France,16,19,21,8,4
août-05,Santé,32,32,12,4,8
août-05,Sciences et techniques,26,20,15,7,9
août-05,Société,159,139,116,39,38
août-05,Sport,58,69,38,28,4
sept.-05,Catastrophes,115,102,51,19,32
sept.-05,Culture_loisirs,40,55,25,5,1
sept.-05,Economie,63,39,36,21,21
sept.-05,Education,16,19,7,3,0
sept.-05,Environnement,51,34,19,1,5
sept.-05,Faits divers,19,17,15,7,4
sept.-05,Histoire_hommages,7,10,4,4,5
sept.-05,International,65,71,45,25,133
sept.-05,Justice,25,24,20,11,12
sept.-05,Politique_France,47,47,46,20,9
sept.-05,Santé,29,21,18,5,4
sept.-05,Sciences et techniques,10,17,8,4,3
sept.-05,Société,124,102,78,38,32
sept.-05,Sport,41,43,25,11,0
oct.-05,Catastrophes,47,49,30,8,39
oct.-05,Culture_loisirs,42,57,32,7,3
oct.-05,Economie,47,31,18,10,8
oct.-05,Education,15,8,5,1,0
oct.-05,Environnement,22,14,8,3,2
oct.-05,Faits divers,7,11,12,4,3
oct.-05,Histoire_hommages,10,6,8,0,2
oct.-05,International,69,70,59,27,114
oct.-05,Justice,40,40,34,20,16
oct.-05,Politique_France,23,21,13,11,3
oct.-05,Santé,63,70,45,15,33
oct.-05,Sciences et techniques,24,22,12,4,7
oct.-05,Société,153,140,109,39,44
oct.-05,Sport,40,31,23,3,0
nov.-05,Catastrophes,29,22,9,1,13
nov.-05,Culture_loisirs,50,57,43,5,11
nov.-05,Economie,51,40,33,7,10
nov.-05,Education,17,16,8,5,2
nov.-05,Environnement,39,34,15,4,16
nov.-05,Faits divers,24,31,18,15,1
nov.-05,Histoire_hommages,18,12,13,1,4
nov.-05,International,67,74,39,24,127
nov.-05,Justice,45,39,40,18,19
nov.-05,Politique_France,32,40,26,13,7
nov.-05,Santé,47,36,26,10,12
nov.-05,Sciences et techniques,20,20,10,1,1
nov.-05,Société,291,253,203,81,104
nov.-05,Sport,47,48,22,8,0
déc.-05,Catastrophes,52,42,37,4,12
déc.-05,Culture_loisirs,60,50,30,5,3
déc.-05,Economie,61,64,30,18,9
déc.-05,Education,16,14,5,3,1
déc.-05,Environnement,29,37,14,6,9
déc.-05,Faits divers,17,13,20,7,2
déc.-05,Histoire_hommages,13,12,6,4,3
déc.-05,International,52,67,52,23,107
déc.-05,Justice,32,27,28,12,13
déc.-05,Politique_France,24,16,17,5,0
déc.-05,Santé,19,19,12,1,4
déc.-05,Sciences et techniques,30,14,10,2,2
déc.-05,Société,186,166,104,38,56
déc.-05,Sport,29,27,21,5,2
janv.-06,Catastrophes,43,30,21,6,7
janv.-06,Culture_loisirs,52,63,38,11,4
janv.-06,Economie,47,39,26,8,20
janv.-06,Education,26,12,7,4,2
janv.-06,Environnement,42,46,24,4,8
janv.-06,Faits divers,31,32,20,6,2
janv.-06,Histoire_hommages,10,10,11,6,4
janv.-06,International,79,88,79,31,138
janv.-06,Justice,54,38,34,18,23
janv.-06,Politique_France,26,28,26,11,20
janv.-06,Santé,50,42,24,9,27
janv.-06,Sciences et techniques,22,17,17,1,7
janv.-06,Société,159,142,100,34,43
janv.-06,Sport,40,42,26,5,2
févr.-06,Catastrophes,13,16,7,5,12
févr.-06,Culture_loisirs,42,47,26,11,2
févr.-06,Economie,46,44,18,11,11
févr.-06,Education,6,6,2,0,3
févr.-06,Environnement,32,21,19,8,9
févr.-06,Faits divers,32,28,27,10,7
févr.-06,Histoire_hommages,11,3,2,2,4
févr.-06,International,42,40,45,30,104
févr.-06,Justice,49,44,27,17,17
févr.-06,Politique_France,29,21,23,9,11
févr.-06,Santé,99,94,54,29,38
févr.-06,Sciences et techniques,19,12,11,5,3
févr.-06,Société,124,104,76,40,55
févr.-06,Sport,45,69,42,5,5
mars-06,Catastrophes,25,18,7,4,3
mars-06,Culture_loisirs,46,48,28,12,2
mars-06,Economie,37,29,18,9,12
mars-06,Education,37,46,30,9,10
mars-06,Environnement,40,24,20,4,18
mars-06,Faits divers,16,8,13,6,3
mars-06,Histoire_hommages,6,2,5,0,2
mars-06,International,57,72,41,46,133
mars-06,Justice,45,38,31,26,34
mars-06,Politique_France,32,16,22,10,3
mars-06,Santé,59,50,21,12,19
mars-06,Sciences et techniques,14,15,10,10,7
mars-06,Société,211,230,147,60,67
mars-06,Sport,47,42,23,7,2
avr.-06,Catastrophes,12,9,8,1,13
avr.-06,Culture_loisirs,37,66,24,11,2
avr.-06,Economie,53,51,37,15,10
avr.-06,Education,22,24,16,4,3
avr.-06,Environnement,39,26,13,3,8
avr.-06,Faits divers,19,15,11,4,4
avr.-06,Histoire_hommages,5,9,6,3,4
avr.-06,International,49,80,61,48,140
avr.-06,Justice,33,31,30,15,13
avr.-06,Politique_France,20,27,26,6,13
avr.-06,Santé,39,31,29,5,7
avr.-06,Sciences et techniques,25,28,12,9,13
avr.-06,Société,196,163,112,50,55
avr.-06,Sport,47,53,30,7,1
mai-06,Catastrophes,35,29,17,4,9
mai-06,Culture_loisirs,63,60,43,6,5
mai-06,Economie,64,49,30,14,13
mai-06,Education,23,17,5,1,2
mai-06,Environnement,34,33,18,4,9
mai-06,Faits divers,20,15,16,6,8
mai-06,Histoire_hommages,12,7,9,3,6
mai-06,International,43,66,39,40,146
mai-06,Justice,75,84,78,42,36
mai-06,Politique_France,37,35,25,15,17
mai-06,Santé,27,29,19,3,11
mai-06,Sciences et techniques,28,15,14,6,2
mai-06,Société,157,127,70,52,37
mai-06,Sport,61,50,28,19,4
juin-06,Catastrophes,10,11,7,3,6
juin-06,Culture_loisirs,41,41,31,14,0
juin-06,Economie,33,39,37,11,17
juin-06,Education,27,20,8,1,1
juin-06,Environnement,32,23,9,4,6
juin-06,Faits divers,26,21,20,5,3
juin-06,Histoire_hommages,7,13,7,1,4
juin-06,International,41,45,39,38,121
juin-06,Justice,40,52,38,19,23
juin-06,Politique_France,29,46,31,11,11
juin-06,Santé,18,15,14,4,5
juin-06,Sciences et techniques,13,16,12,1,3
juin-06,Société,109,120,76,29,40
juin-06,Sport,218,163,79,26,29
juil.-06,Catastrophes,22,11,12,4,5
juil.-06,Culture_loisirs,41,59,37,9,2
juil.-06,Economie,31,31,17,3,8
juil.-06,Education,9,10,2,2,2
juil.-06,Environnement,46,42,23,2,5
juil.-06,Faits divers,9,17,18,0,0
juil.-06,Histoire_hommages,5,8,6,3,3
juil.-06,International,129,142,103,49,172
juil.-06,Justice,12,19,24,7,8
juil.-06,Politique_France,23,18,19,10,6
juil.-06,Santé,29,32,23,9,3
juil.-06,Sciences et techniques,10,15,9,2,8
juil.-06,Société,82,104,84,29,36
juil.-06,Sport,174,161,96,20,27
août-06,Catastrophes,37,42,29,5,14
août-06,Culture_loisirs,37,60,32,8,3
août-06,Economie,56,45,28,6,8
août-06,Education,20,21,8,3,1
août-06,Environnement,57,33,35,9,17
août-06,Faits divers,22,23,16,4,1
août-06,Histoire_hommages,4,4,2,2,7
août-06,International,134,134,111,59,172
août-06,Justice,13,10,18,2,10
août-06,Politique_France,37,49,38,21,14
août-06,Santé,25,22,13,7,10
août-06,Sciences et techniques,27,30,14,3,2
août-06,Société,107,84,78,24,42
août-06,Sport,65,58,42,21,1
sept.-06,Catastrophes,29,18,15,3,11
sept.-06,Culture_loisirs,37,55,38,15,1
sept.-06,Economie,49,48,25,10,15
sept.-06,Education,35,25,14,7,4
sept.-06,Environnement,32,29,17,8,10
sept.-06,Faits divers,19,29,23,13,5
sept.-06,Histoire_hommages,10,13,10,0,2
sept.-06,International,93,78,55,36,169
sept.-06,Justice,39,34,32,19,14
sept.-06,Politique_France,63,51,49,20,14
sept.-06,Santé,35,35,24,9,3
sept.-06,Sciences et techniques,28,13,18,4,7
sept.-06,Société,134,113,80,36,41
sept.-06,Sport,47,42,15,11,0
oct.-06,Catastrophes,32,34,19,7,6
oct.-06,Culture_loisirs,58,77,36,13,7
oct.-06,Economie,57,44,27,8,21
oct.-06,Education,28,18,8,0,0
oct.-06,Environnement,55,32,14,6,9
oct.-06,Faits divers,16,23,12,11,5
oct.-06,Histoire_hommages,6,9,7,0,8
oct.-06,International,59,58,54,35,153
oct.-06,Justice,54,57,44,43,16
oct.-06,Politique_France,55,54,50,20,20
oct.-06,Santé,50,45,26,1,5
oct.-06,Sciences et techniques,44,31,11,11,17
oct.-06,Société,190,153,131,54,80
oct.-06,Sport,55,48,28,22,1
nov.-06,Catastrophes,15,14,6,1,3
nov.-06,Culture_loisirs,36,54,28,19,2
nov.-06,Economie,53,47,22,4,14
nov.-06,Education,22,13,4,0,1
nov.-06,Environnement,30,34,11,1,8
nov.-06,Faits divers,15,20,9,5,1
nov.-06,Histoire_hommages,13,13,6,2,6
nov.-06,International,61,84,54,32,145
nov.-06,Justice,48,54,45,29,20
nov.-06,Politique_France,53,53,35,27,13
nov.-06,Santé,23,22,17,5,4
nov.-06,Sciences et techniques,29,12,3,4,7
nov.-06,Société,142,134,95,30,54
nov.-06,Sport,59,60,33,20,2
déc.-06,Catastrophes,22,26,10,3,13
déc.-06,Culture_loisirs,53,70,34,16,5
déc.-06,Economie,58,45,21,12,14
déc.-06,Education,16,16,9,1,3
déc.-06,Environnement,31,27,14,3,6
déc.-06,Faits divers,33,37,28,12,9
déc.-06,Histoire_hommages,11,16,8,5,11
déc.-06,International,59,61,45,27,124
déc.-06,Justice,32,44,41,14,27
déc.-06,Politique_France,36,38,44,17,13
déc.-06,Santé,23,21,13,4,6
déc.-06,Sciences et techniques,19,19,10,5,6
déc.-06,Société,186,166,116,36,37
déc.-06,Sport,31,47,15,10,1
janv.-07,Catastrophes,55,31,18,11,6
janv.-07,Culture_loisirs,68,80,45,21,2
janv.-07,Economie,49,49,39,11,12
janv.-07,Education,20,7,2,0,2
janv.-07,Environnement,80,69,39,10,14
janv.-07,Faits divers,33,32,34,18,3
janv.-07,Histoire_hommages,33,33,21,5,15
janv.-07,International,86,79,65,52,157
janv.-07,Justice,45,40,27,16,22
janv.-07,Politique_France,67,73,70,34,15
janv.-07,Santé,51,39,21,8,7
janv.-07,Sciences et techniques,22,19,4,4,3
janv.-07,Société,200,156,94,43,60
janv.-07,Sport,59,67,37,17,1
févr.-07,Catastrophes,29,30,16,5,8
févr.-07,Culture_loisirs,59,68,41,20,6
févr.-07,Economie,71,47,43,17,28
févr.-07,Education,20,11,3,0,0
févr.-07,Environnement,61,29,22,8,10
févr.-07,Faits divers,30,15,20,12,3
févr.-07,Histoire_hommages,15,6,6,5,3
févr.-07,International,72,70,38,39,130
févr.-07,Justice,41,31,28,19,26
févr.-07,Politique_France,79,79,70,34,16
févr.-07,Santé,39,39,14,6,16
févr.-07,Sciences et techniques,15,17,8,1,1
févr.-07,Société,128,102,69,24,43
févr.-07,Sport,50,60,34,8,6
mars-07,Catastrophes,23,18,8,5,6
mars-07,Culture_loisirs,53,56,27,7,2
mars-07,Economie,72,34,28,11,16
mars-07,Education,25,17,6,3,4
mars-07,Environnement,44,30,10,5,12
mars-07,Faits divers,25,19,17,6,3
mars-07,Histoire_hommages,7,4,4,2,1
mars-07,International,68,66,47,49,123
mars-07,Justice,44,24,30,24,19
mars-07,Politique_France,96,119,75,49,29
mars-07,Santé,31,25,14,6,3
mars-07,Sciences et techniques,33,12,2,5,3
mars-07,Société,155,115,80,44,46
mars-07,Sport,53,63,29,20,0
avr.-07,Catastrophes,19,20,5,6,6
avr.-07,Culture_loisirs,30,30,25,6,0
avr.-07,Economie,37,19,10,5,11
avr.-07,Education,7,6,1,1,2
avr.-07,Environnement,37,24,8,6,9
avr.-07,Faits divers,42,50,40,21,6
avr.-07,Histoire_hommages,15,10,10,6,9
avr.-07,International,62,53,38,52,149
avr.-07,Justice,34,22,22,18,15
avr.-07,Politique_France,133,148,118,49,39
avr.-07,Santé,26,23,11,7,0
avr.-07,Sciences et techniques,19,22,13,11,2
avr.-07,Société,127,107,51,33,32
avr.-07,Sport,46,40,20,13,0
mai-07,Catastrophes,25,21,16,4,1
mai-07,Culture_loisirs,61,73,52,9,4
mai-07,Economie,45,37,16,16,19
mai-07,Education,22,18,6,1,0
mai-07,Environnement,60,52,14,9,10
mai-07,Faits divers,26,19,18,10,0
mai-07,Histoire_hommages,16,8,14,4,10
mai-07,International,108,90,82,55,182
mai-07,Justice,27,29,21,19,21
mai-07,Politique_France,148,168,126,49,38
mai-07,Santé,32,14,10,4,1
mai-07,Sciences et techniques,33,12,2,6,7
mai-07,Société,167,114,89,41,49
mai-07,Sport,58,53,29,24,3
juin-07,Catastrophes,32,19,8,2,2
juin-07,Culture_loisirs,38,43,25,20,7
juin-07,Economie,46,38,24,11,8
juin-07,Education,27,27,16,8,2
juin-07,Environnement,38,39,25,12,9
juin-07,Faits divers,23,14,15,13,0
juin-07,Histoire_hommages,6,10,4,3,3
juin-07,International,95,76,68,48,123
juin-07,Justice,42,47,30,29,17
juin-07,Politique_France,96,97,64,34,18
juin-07,Santé,27,15,8,8,5
juin-07,Sciences et techniques,19,11,4,7,4
juin-07,Société,137,93,60,55,33
juin-07,Sport,69,59,34,27,2
juil.-07,Catastrophes,65,59,36,16,20
juil.-07,Culture_loisirs,53,84,55,15,1
juil.-07,Economie,65,49,47,14,29
juil.-07,Education,16,9,7,2,3
juil.-07,Environnement,62,55,24,7,17
juil.-07,Faits divers,28,18,19,10,4
juil.-07,Histoire_hommages,13,8,6,4,4
juil.-07,International,101,75,84,49,168
juil.-07,Justice,58,62,48,37,22
juil.-07,Politique_France,48,37,32,7,10
juil.-07,Santé,22,18,15,8,5
juil.-07,Sciences et techniques,23,24,4,10,8
juil.-07,Société,169,146,90,42,43
juil.-07,Sport,105,112,76,33,10
août-07,Catastrophes,69,65,42,17,32
août-07,Culture_loisirs,52,45,22,6,7
août-07,Economie,57,55,42,15,23
août-07,Education,24,21,9,2,1
août-07,Environnement,53,36,15,5,8
août-07,Faits divers,22,30,22,11,6
août-07,Histoire_hommages,15,11,10,4,7
août-07,International,52,31,38,37,117
août-07,Justice,32,26,19,15,10
août-07,Politique_France,33,25,27,8,8
août-07,Santé,15,7,3,5,8
août-07,Sciences et techniques,27,19,18,5,5
août-07,Société,129,127,88,34,53
août-07,Sport,89,74,43,27,5
sept.-07,Catastrophes,23,20,13,5,13
sept.-07,Culture_loisirs,46,54,31,18,5
sept.-07,Economie,52,45,29,23,20
sept.-07,Education,21,27,11,7,4
sept.-07,Environnement,34,28,5,5,16
sept.-07,Faits divers,26,28,12,12,4
sept.-07,Histoire_hommages,12,11,10,6,3
sept.-07,International,78,78,37,52,135
sept.-07,Justice,39,30,25,35,13
sept.-07,Politique_France,55,42,40,23,14
sept.-07,Santé,25,21,19,7,2
sept.-07,Sciences et techniques,17,11,2,4,1
sept.-07,Société,123,133,70,52,41
sept.-07,Sport,131,78,47,14,9
oct.-07,Catastrophes,37,26,21,11,11
oct.-07,Culture_loisirs,60,61,42,33,6
oct.-07,Economie,54,46,20,21,13
oct.-07,Education,21,18,8,3,2
oct.-07,Environnement,40,53,20,11,9
oct.-07,Faits divers,37,25,11,12,4
oct.-07,Histoire_hommages,8,5,7,4,8
oct.-07,International,114,114,64,71,178
oct.-07,Justice,68,51,56,52,17
oct.-07,Politique_France,50,44,39,19,12
oct.-07,Santé,30,36,9,9,1
oct.-07,Sciences et techniques,22,10,10,1,2
oct.-07,Société,176,179,88,69,54
oct.-07,Sport,146,118,69,30,7
nov.-07,Catastrophes,29,28,12,10,12
nov.-07,Culture_loisirs,43,41,27,16,3
nov.-07,Economie,44,51,26,29,17
nov.-07,Education,41,40,18,14,8
nov.-07,Environnement,26,24,8,5,9
nov.-07,Faits divers,21,17,20,14,1
nov.-07,Histoire_hommages,16,14,10,5,5
nov.-07,International,103,91,55,56,142
nov.-07,Justice,52,45,43,30,12
nov.-07,Politique_France,33,21,15,11,5
nov.-07,Santé,21,6,8,5,2
nov.-07,Sciences et techniques,13,5,6,2,4
nov.-07,Société,203,192,109,81,50
nov.-07,Sport,51,36,20,13,2
déc.-07,Catastrophes,23,17,14,5,3
déc.-07,Culture_loisirs,68,57,35,17,8
déc.-07,Economie,61,49,38,20,13
déc.-07,Education,17,9,5,1,0
déc.-07,Environnement,56,36,18,10,16
déc.-07,Faits divers,38,33,16,15,4
déc.-07,Histoire_hommages,10,7,4,5,2
déc.-07,International,109,117,69,72,149
déc.-07,Justice,65,51,45,36,16
déc.-07,Politique_France,46,35,30,13,10
déc.-07,Santé,24,20,19,8,5
déc.-07,Sciences et techniques,18,12,3,7,5
déc.-07,Société,159,149,81,63,52
déc.-07,Sport,50,40,19,7,0
janv.-08,Catastrophes,24,14,10,3,2
janv.-08,Culture_loisirs,76,80,53,34,9
janv.-08,Economie,83,89,44,26,29
janv.-08,Education,11,11,5,4,2
janv.-08,Environnement,38,32,16,4,5
janv.-08,Faits divers,45,36,30,17,0
janv.-08,Histoire_hommages,21,15,11,7,9
janv.-08,International,151,144,98,80,212
janv.-08,Justice,58,55,36,32,21
janv.-08,Politique_France,72,65,50,21,10
janv.-08,Santé,44,47,30,14,6
janv.-08,Sciences et techniques,19,15,5,3,1
janv.-08,Société,166,126,73,65,43
janv.-08,Sport,91,81,40,22,3
févr.-08,Catastrophes,15,10,5,3,4
févr.-08,Culture_loisirs,68,72,47,26,9
févr.-08,Economie,73,69,30,27,18
févr.-08,Education,20,13,11,5,2
févr.-08,Environnement,28,13,9,13,3
févr.-08,Faits divers,19,9,11,11,3
févr.-08,Histoire_hommages,15,9,2,5,2
févr.-08,International,103,102,70,73,166
févr.-08,Justice,43,46,32,34,18
févr.-08,Politique_France,55,53,53,22,15
févr.-08,Santé,21,21,11,10,3
févr.-08,Sciences et techniques,36,11,5,5,3
févr.-08,Société,136,96,72,53,35
févr.-08,Sport,56,57,31,17,0
mars-08,Catastrophes,16,24,10,4,1
mars-08,Culture_loisirs,51,44,29,14,2
mars-08,Economie,68,51,29,27,14
mars-08,Education,17,12,2,3,4
mars-08,Environnement,38,21,26,12,7
mars-08,Faits divers,22,18,13,16,2
mars-08,Histoire_hommages,14,21,10,7,8
mars-08,International,95,99,52,61,152
mars-08,Justice,39,43,35,39,15
mars-08,Politique_France,58,67,68,42,13
mars-08,Santé,24,19,16,13,7
mars-08,Sciences et techniques,33,13,8,4,6
mars-08,Société,134,98,45,61,42
mars-08,Sport,69,72,35,20,6
avr.-08,Catastrophes,19,18,12,5,2
avr.-08,Culture_loisirs,57,55,42,19,2
avr.-08,Economie,98,83,42,38,46
avr.-08,Education,27,28,20,19,7
avr.-08,Environnement,26,34,13,1,4
avr.-08,Faits divers,47,41,38,29,12
avr.-08,Histoire_hommages,31,28,26,12,7
avr.-08,International,87,98,65,80,178
avr.-08,Justice,37,41,34,28,11
avr.-08,Politique_France,41,37,34,25,22
avr.-08,Santé,32,31,12,11,6
avr.-08,Sciences et techniques,31,19,4,6,2
avr.-08,Société,147,148,79,57,50
avr.-08,Sport,115,115,54,51,26
mai-08,Catastrophes,85,84,53,36,44
mai-08,Culture_loisirs,53,59,41,18,2
mai-08,Economie,79,75,46,30,34
mai-08,Education,19,18,8,4,5
mai-08,Environnement,22,23,8,3,5
mai-08,Faits divers,24,19,18,13,0
mai-08,Histoire_hommages,23,21,11,8,11
mai-08,International,58,56,31,48,130
mai-08,Justice,29,24,26,25,11
mai-08,Politique_France,35,39,25,16,9
mai-08,Santé,15,16,9,4,2
mai-08,Sciences et techniques,18,5,7,3,1
mai-08,Société,147,119,75,51,32
mai-08,Sport,69,56,28,22,6
juin-08,Catastrophes,56,45,20,19,17
juin-08,Culture_loisirs,40,69,32,16,8
juin-08,Economie,79,62,50,25,23
juin-08,Education,19,23,16,7,5
juin-08,Environnement,34,20,5,4,13
juin-08,Faits divers,20,39,19,17,5
juin-08,Histoire_hommages,13,7,4,6,3
juin-08,International,64,96,61,69,150
juin-08,Justice,32,23,25,17,9
juin-08,Politique_France,25,29,23,11,6
juin-08,Santé,24,15,18,7,1
juin-08,Sciences et techniques,8,10,9,5,4
juin-08,Société,131,97,68,53,43
juin-08,Sport,99,91,45,26,7
juil.-08,Catastrophes,28,31,13,15,2
juil.-08,Culture_loisirs,81,75,43,16,6
juil.-08,Economie,65,63,34,17,31
juil.-08,Education,16,11,2,5,2
juil.-08,Environnement,43,30,20,9,5
juil.-08,Faits divers,51,59,35,33,3
juil.-08,Histoire_hommages,11,6,3,5,2
juil.-08,International,99,111,74,84,203
juil.-08,Justice,32,28,30,24,19
juil.-08,Politique_France,70,80,54,29,20
juil.-08,Santé,24,22,8,11,0
juil.-08,Sciences et techniques,32,23,17,12,11
juil.-08,Société,134,99,77,52,53
juil.-08,Sport,104,113,70,54,12
août-08,Catastrophes,48,50,24,15,11
août-08,Culture_loisirs,38,51,20,11,1
août-08,Economie,43,40,28,18,14
août-08,Education,19,7,4,4,
août-08,Environnement,20,17,14,6,6
août-08,Faits divers,27,18,12,11,2
août-08,Histoire_hommages,8,13,11,6,7
août-08,International,115,119,92,74,151
août-08,Justice,18,24,20,13,17
août-08,Politique_France,14,16,11,4,3
août-08,Santé,19,17,9,7,2
août-08,Sciences et techniques,9,12,5,11,3
août-08,Société,92,76,63,37,39
août-08,Sport,128,149,88,56,17
sept.-08,Catastrophes,49,49,33,20,21
sept.-08,Culture_loisirs,55,72,50,20,5
sept.-08,Economie,122,127,76,62,65
sept.-08,Education,40,26,10,12,3
sept.-08,Environnement,32,29,17,7,3
sept.-08,Faits divers,51,57,38,20,6
sept.-08,Histoire_hommages,9,14,2,4,6
sept.-08,International,75,107,64,79,158
sept.-08,Justice,26,25,16,22,6
sept.-08,Politique_France,43,60,47,25,12
sept.-08,Santé,42,35,14,11,5
sept.-08,Sciences et techniques,18,13,7,6,10
sept.-08,Société,125,112,75,69,38
sept.-08,Sport,63,59,23,16,1
oct.-08,Catastrophes,7,5,4,6,5
oct.-08,Culture_loisirs,51,65,33,18,4
oct.-08,Economie,128,154,97,85,76
oct.-08,Education,14,6,6,5,4
oct.-08,Environnement,27,19,4,1,8
oct.-08,Faits divers,22,15,11,15,1
oct.-08,Histoire_hommages,25,20,14,10,7
oct.-08,International,55,72,34,69,109
oct.-08,Justice,49,49,37,36,20
oct.-08,Politique_France,19,27,18,5,4
oct.-08,Santé,29,31,15,9,2
oct.-08,Sciences et techniques,11,4,4,1,3
oct.-08,Société,115,97,63,53,30
oct.-08,Sport,47,45,22,13,1
nov.-08,Catastrophes,27,28,13,6,5
nov.-08,Culture_loisirs,55,50,38,24,2
nov.-08,Economie,79,66,46,45,51
nov.-08,Education,12,8,6,2,4
nov.-08,Environnement,20,21,9,5,3
nov.-08,Faits divers,42,35,26,34,8
nov.-08,Histoire_hommages,8,11,6,3,6
nov.-08,International,102,139,61,69,130
nov.-08,Justice,26,28,24,29,18
nov.-08,Politique_France,41,57,43,38,14
nov.-08,Santé,21,15,7,7,2
nov.-08,Sciences et techniques,11,11,9,6,6
nov.-08,Société,133,111,63,74,38
nov.-08,Sport,56,45,20,19,0
déc.-08,Catastrophes,43,40,14,9,2
déc.-08,Culture_loisirs,83,75,53,27,7
déc.-08,Economie,91,104,59,47,47
déc.-08,Education,19,14,19,7,1
déc.-08,Environnement,62,55,27,14,10
déc.-08,Faits divers,48,46,39,36,10
déc.-08,Histoire_hommages,5,3,3,4,5
déc.-08,International,88,104,74,88,165
déc.-08,Justice,38,52,29,52,22
déc.-08,Politique_France,20,34,23,19,7
déc.-08,Santé,42,43,16,15,10
déc.-08,Sciences et techniques,8,8,8,3,4
déc.-08,Société,172,137,100,80,55
déc.-08,Sport,51,54,37,20,0
janv.-09,Catastrophes,70,66,41,18,5
janv.-09,Culture_loisirs,47,48,37,18,2
janv.-09,Economie,52,44,30,41,42
janv.-09,Education,19,12,12,8,5
janv.-09,Environnement,22,20,13,15,2
janv.-09,Faits divers,29,26,17,28,5
janv.-09,Histoire_hommages,10,7,4,4,5
janv.-09,International,93,135,92,93,150
janv.-09,Justice,21,19,16,22,8
janv.-09,Politique_France,26,22,17,11,6
janv.-09,Santé,27,30,14,13,5
janv.-09,Sciences et techniques,11,2,8,0,2
janv.-09,Société,110,97,67,70,34
janv.-09,Sport,40,51,21,17,0
févr.-09,Catastrophes,49,33,21,16,7
févr.-09,Culture_loisirs,47,40,31,21,5
févr.-09,Economie,99,83,51,62,49
févr.-09,Education,16,19,9,12,5
févr.-09,Environnement,15,25,7,12,2
févr.-09,Faits divers,26,33,18,26,2
févr.-09,Histoire_hommages,7,4,4,3,10
févr.-09,International,46,52,40,54,127
févr.-09,Justice,44,45,44,54,13
févr.-09,Politique_France,15,25,14,12,5
févr.-09,Santé,17,15,7,4,2
févr.-09,Sciences et techniques,15,6,7,4,1
févr.-09,Société,133,126,94,66,56
févr.-09,Sport,51,48,32,16,0
mars-09,Catastrophes,23,17,12,12,1
mars-09,Culture_loisirs,67,65,50,29,5
mars-09,Economie,101,116,93,76,53
mars-09,Education,27,15,15,7,8
mars-09,Environnement,40,19,12,6,10
mars-09,Faits divers,37,33,27,23,11
mars-09,Histoire_hommages,9,14,7,4,6
mars-09,International,66,89,51,81,153
mars-09,Justice,41,57,45,56,36
mars-09,Politique_France,25,33,23,10,6
mars-09,Santé,34,38,14,8,4
mars-09,Sciences et techniques,22,14,10,11,8
mars-09,Société,174,146,113,86,47
mars-09,Sport,64,56,21,9,1
avr.-09,Catastrophes,35,32,23,17,10
avr.-09,Culture_loisirs,48,53,36,21,6
avr.-09,Economie,52,49,44,23,38
avr.-09,Education,11,11,8,4,2
avr.-09,Environnement,11,7,3,0,6
avr.-09,Faits divers,21,28,24,15,5
avr.-09,Histoire_hommages,8,9,7,8,5
avr.-09,International,72,93,69,66,142
avr.-09,Justice,27,27,26,30,6
avr.-09,Politique_France,19,22,18,12,4
avr.-09,Santé,65,66,31,21,13
avr.-09,Sciences et techniques,15,7,6,6,3
avr.-09,Société,116,108,81,54,29
avr.-09,Sport,37,37,25,15,1
mai-09,Catastrophes,14,16,14,7,5
mai-09,Culture_loisirs,61,68,47,24,3
mai-09,Economie,53,53,30,25,36
mai-09,Education,31,28,16,20,1
mai-09,Environnement,32,21,7,6,1
mai-09,Faits divers,40,37,33,22,3
mai-09,Histoire_hommages,13,12,7,7,11
mai-09,International,71,72,74,56,142
mai-09,Justice,26,41,29,17,11
mai-09,Politique_France,10,22,11,4,3
mai-09,Santé,43,51,34,11,12
mai-09,Sciences et techniques,18,15,8,7,1
mai-09,Société,128,121,75,63,50
mai-09,Sport,43,52,26,15,1
juin-09,Catastrophes,128,131,71,58,22
juin-09,Culture_loisirs,56,48,35,16,3
juin-09,Economie,54,45,29,19,48
juin-09,Education,19,14,10,5,4
juin-09,Environnement,11,14,8,2,7
juin-09,Faits divers,20,15,15,17,6
juin-09,Histoire_hommages,65,64,28,22,12
juin-09,International,79,120,96,74,197
juin-09,Justice,36,33,33,27,15
juin-09,Politique_France,45,53,39,18,8
juin-09,Santé,58,38,23,8,5
juin-09,Sciences et techniques,9,5,2,2,2
juin-09,Société,103,73,63,41,31
juin-09,Sport,72,62,34,14,0
juil.-09,Catastrophes,56,57,42,26,6
juil.-09,Culture_loisirs,63,56,32,20,8
juil.-09,Economie,47,47,30,17,26
juil.-09,Education,7,8,8,2,0
juil.-09,Environnement,33,21,13,14,9
juil.-09,Faits divers,35,36,18,18,1
juil.-09,Histoire_hommages,52,35,8,14,9
juil.-09,International,29,47,41,49,146
juil.-09,Justice,15,20,24,25,12
juil.-09,Politique_France,36,38,34,22,10
juil.-09,Santé,33,38,23,12,6
juil.-09,Sciences et techniques,27,25,16,9,10
juil.-09,Société,91,82,60,58,38
juil.-09,Sport,66,67,37,34,0
août-09,Catastrophes,33,48,28,19,10
août-09,Culture_loisirs,62,33,29,12,1
août-09,Economie,80,67,47,33,26
août-09,Education,14,7,8,3,2
août-09,Environnement,43,30,16,9,6
août-09,Faits divers,40,40,39,34,9
août-09,Histoire_hommages,19,19,8,10,13
août-09,International,51,75,56,56,131
août-09,Justice,18,16,10,21,16
août-09,Politique_France,26,27,24,14,6
août-09,Santé,36,33,34,22,11
août-09,Sciences et techniques,7,8,5,2,3
août-09,Société,87,92,44,40,26
août-09,Sport,58,49,24,17,0
sept.-09,Catastrophes,57,41,28,13,8
sept.-09,Culture_loisirs,74,70,42,17,2
sept.-09,Economie,80,69,54,47,37
sept.-09,Education,28,22,6,10,3
sept.-09,Environnement,35,27,23,14,9
sept.-09,Faits divers,30,39,28,26,3
sept.-09,Histoire_hommages,11,21,6,9,12
sept.-09,International,57,88,55,60,186
sept.-09,Justice,50,45,44,38,17
sept.-09,Politique_France,54,51,44,32,16
sept.-09,Santé,59,58,48,25,7
sept.-09,Sciences et techniques,22,10,6,1,6
sept.-09,Société,88,108,62,66,29
sept.-09,Sport,70,55,20,25,4
oct.-09,Catastrophes,34,30,19,11,5
oct.-09,Culture_loisirs,53,51,38,11,3
oct.-09,Economie,55,50,25,30,24
oct.-09,Education,10,15,8,5,3
oct.-09,Environnement,26,18,14,10,11
oct.-09,Faits divers,19,18,12,18,0
oct.-09,Histoire_hommages,4,6,3,3,7
oct.-09,International,44,63,50,46,145
oct.-09,Justice,67,54,50,62,20
oct.-09,Politique_France,36,54,28,21,14
oct.-09,Santé,45,24,20,17,11
oct.-09,Sciences et techniques,16,12,12,5,11
oct.-09,Société,103,79,75,61,30
oct.-09,Sport,61,42,25,15,0
nov.-09,Catastrophes,34,21,14,4,5
nov.-09,Culture_loisirs,51,45,32,11,4
nov.-09,Economie,45,35,23,13,17
nov.-09,Education,6,4,7,3,1
nov.-09,Environnement,27,22,9,8,9
nov.-09,Faits divers,43,43,22,20,2
nov.-09,Histoire_hommages,26,32,39,10,31
nov.-09,International,29,45,37,48,111
nov.-09,Justice,38,36,38,26,24
nov.-09,Politique_France,27,34,32,19,10
nov.-09,Santé,58,63,37,24,8
nov.-09,Sciences et techniques,13,11,3,1,6
nov.-09,Société,105,88,50,50,40
nov.-09,Sport,75,56,25,30,5
déc.-09,Catastrophes,63,45,30,13,3
déc.-09,Culture_loisirs,61,65,43,9,4
déc.-09,Economie,62,46,28,17,36
déc.-09,Education,6,4,5,2,4
déc.-09,Environnement,63,53,58,27,32
déc.-09,Faits divers,50,53,41,23,5
déc.-09,Histoire_hommages,5,10,7,5,11
déc.-09,International,52,72,51,60,150
déc.-09,Justice,53,26,25,17,20
déc.-09,Politique_France,23,27,11,4,5
déc.-09,Santé,54,57,35,21,9
déc.-09,Sciences et techniques,6,10,3,3,3
déc.-09,Société,159,166,101,76,49
déc.-09,Sport,43,43,16,16,0
janv.-10,Catastrophes,162,129,93,54,40
janv.-10,Culture_loisirs,50,38,31,8,60
janv.-10,Economie,37,28,21,19,26
janv.-10,Education,18,12,14,7,0
janv.-10,Environnement,36,24,16,6,5
janv.-10,Faits divers,22,18,19,7,0
janv.-10,Histoire_hommages,10,21,18,10,6
janv.-10,International,42,54,36,50,96
janv.-10,Justice,28,20,8,13,15
janv.-10,Politique_France,37,29,31,17,6
janv.-10,Santé,20,16,20,6,8
janv.-10,Sciences et techniques,9,4,2,4,3
janv.-10,Société,104,96,64,62,45
janv.-10,Sport,48,37,12,2,1
févr.-10,Catastrophes,65,52,37,26,11
févr.-10,Culture_loisirs,56,42,25,18,96
févr.-10,Economie,47,39,21,27,32
févr.-10,Education,25,15,17,15,4
févr.-10,Environnement,34,20,13,4,3
févr.-10,Faits divers,28,16,21,12,8
févr.-10,Histoire_hommages,13,4,8,8,7
févr.-10,International,34,47,36,44,81
févr.-10,Justice,29,24,31,10,10
févr.-10,Politique_France,38,43,31,14,6
févr.-10,Santé,14,11,9,7,3
févr.-10,Sciences et techniques,11,12,3,5,4
févr.-10,Société,111,134,73,70,49
févr.-10,Sport,60,69,26,12,4
mars-10,Catastrophes,134,98,78,42,11
mars-10,Culture_loisirs,50,47,29,13,90
mars-10,Economie,48,50,31,25,56
mars-10,Education,14,12,8,5,3
mars-10,Environnement,33,25,22,10,9
mars-10,Faits divers,30,29,20,24,8
mars-10,Histoire_hommages,15,15,7,4,6
mars-10,International,37,49,43,43,123
mars-10,Justice,39,38,31,28,17
mars-10,Politique_France,75,98,75,32,20
mars-10,Santé,22,23,13,8,3
mars-10,Sciences et techniques,10,6,5,6,5
mars-10,Société,126,88,77,65,51
mars-10,Sport,46,65,24,19,0
avr.-10,Catastrophes,87,68,46,21,20
avr.-10,Culture_loisirs,51,39,22,6,74
avr.-10,Economie,41,42,26,18,21
avr.-10,Education,16,10,6,3,4
avr.-10,Environnement,29,28,21,11,5
avr.-10,Faits divers,26,18,22,16,0
avr.-10,Histoire_hommages,12,18,13,8,13
avr.-10,International,33,50,38,40,112
avr.-10,Justice,31,21,23,26,11
avr.-10,Politique_France,15,12,4,5,2
avr.-10,Santé,15,18,18,4,0
avr.-10,Sciences et techniques,9,4,3,0,4
avr.-10,Société,184,174,125,78,56
avr.-10,Sport,39,33,16,14,0
mai-10,Catastrophes,30,23,17,13,14
mai-10,Culture_loisirs,53,49,37,11,79
mai-10,Economie,49,79,34,29,37
mai-10,Education,11,12,9,3,0
mai-10,Environnement,74,47,39,23,23
mai-10,Faits divers,39,27,21,19,1
mai-10,Histoire_hommages,9,8,6,0,7
mai-10,International,52,87,51,54,92
mai-10,Justice,26,37,22,21,5
mai-10,Politique_France,15,14,9,3,2
mai-10,Santé,21,17,13,5,6
mai-10,Sciences et techniques,11,2,3,3,3
mai-10,Société,123,95,76,53,38
mai-10,Sport,64,66,31,18,0
juin-10,Catastrophes,64,45,33,28,8
juin-10,Culture_loisirs,35,32,31,11,86
juin-10,Economie,36,38,36,16,20
juin-10,Education,19,16,10,6,5
juin-10,Environnement,40,20,12,9,21
juin-10,Faits divers,37,28,19,20,3
juin-10,Histoire_hommages,17,18,15,10,7
juin-10,International,58,68,65,53,150
juin-10,Justice,25,38,39,30,17
juin-10,Politique_France,33,52,33,19,8
juin-10,Santé,17,11,9,8,4
juin-10,Sciences et techniques,6,6,5,6,2
juin-10,Société,100,86,79,42,28
juin-10,Sport,178,160,93,76,17
juil.-10,Catastrophes,38,28,20,18,9
juil.-10,Culture_loisirs,59,51,40,14,90
juil.-10,Economie,31,23,14,11,17
juil.-10,Education,5,5,3,3,2
juil.-10,Environnement,43,29,20,11,16
juil.-10,Faits divers,32,28,22,14,7
juil.-10,Histoire_hommages,10,20,10,4,3
juil.-10,International,29,64,55,35,87
juil.-10,Justice,25,40,20,36,10
juil.-10,Politique_France,65,64,51,36,17
juil.-10,Santé,26,26,14,11,2
juil.-10,Sciences et techniques,12,4,3,4,2
juil.-10,Société,83,87,65,52,32
juil.-10,Sport,74,85,61,44,5
août-10,Catastrophes,75,88,69,61,55
août-10,Culture_loisirs,65,51,41,11,84
août-10,Economie,67,66,32,26,19
août-10,Education,24,20,17,5,1
août-10,Environnement,50,29,14,10,19
août-10,Faits divers,37,28,23,15,3
août-10,Histoire_hommages,13,6,3,4,8
août-10,International,37,71,57,35,99
août-10,Justice,22,27,25,15,4
août-10,Politique_France,59,73,46,51,18
août-10,Santé,16,13,16,6,3
août-10,Sciences et techniques,12,9,8,4,2
août-10,Société,138,105,80,60,28
août-10,Sport,80,73,55,41,0
sept-10,Catastrophes,25,24,15,10,9
sept-10,Culture_loisirs,60,45,40,9,74
sept-10,Economie,45,32,29,20,13
sept-10,Education,19,11,8,3,1
sept-10,Environnement,19,14,5,7,2
sept-10,Faits divers,19,19,20,9,3
sept-10,Histoire_hommages,17,12,13,7,13
sept-10,International,70,98,81,58,115
sept-10,Justice,24,27,29,24,4
sept-10,Politique_France,40,45,26,23,11
sept-10,Santé,24,24,17,5,1
sept-10,Sciences et techniques,12,9,4,4,7
sept-10,Société,123,114,106,80,51
sept-10,Sport,43,35,20,10,0
oct.-10,Catastrophes,31,27,14,15,12
oct.-10,Culture_loisirs,52,43,35,10,86
oct.-10,Economie,32,32,18,12,16
oct.-10,Education,9,5,2,2,0
oct.-10,Environnement,28,16,18,8,12
oct.-10,Faits divers,22,16,26,13,0
oct.-10,Histoire_hommages,10,9,6,3,7
oct.-10,International,28,61,44,36,94
oct.-10,Justice,24,24,34,24,8
oct.-10,Politique_France,12,11,9,4,5
oct.-10,Santé,19,24,15,10,4
oct.-10,Sciences et techniques,12,9,6,1,4
oct.-10,Société,229,261,186,117,67
oct.-10,Sport,37,32,18,6,0
nov.-10,Catastrophes,61,67,50,20,6
nov.-10,Culture_loisirs,65,46,29,14,88
nov.-10,Economie,57,44,45,24,36
nov.-10,Education,16,17,13,5,3
nov.-10,Environnement,60,45,43,16,6
nov.-10,Faits divers,43,38,36,20,7
nov.-10,Histoire_hommages,15,7,6,6,8
nov.-10,International,72,101,93,56,117
nov.-10,Justice,35,32,35,25,13
nov.-10,Politique_France,66,88,58,28,14
nov.-10,Santé,30,32,31,10,11
nov.-10,Sciences et techniques,19,15,8,7,15
nov.-10,Société,122,156,96,74,49
nov.-10,Sport,58,55,36,11,1
déc.-10,Catastrophes,134,109,98,37,8
déc.-10,Culture_loisirs,70,36,22,8,65
déc.-10,Economie,35,35,26,14,19
déc.-10,Education,6,10,4,4,4
déc.-10,Environnement,26,27,21,12,7
déc.-10,Faits divers,22,16,20,18,0
déc.-10,Histoire_hommages,5,8,2,6,6
déc.-10,International,56,102,94,48,110
déc.-10,Justice,24,37,30,25,18
déc.-10,Politique_France,27,31,32,7,4
déc.-10,Santé,17,22,22,5,2
déc.-10,Sciences et techniques,6,5,3,3,0
déc.-10,Société,115,98,73,47,33
déc.-10,Sport,23,20,9,6,1
janv.-11,Catastrophes,41,32,28,21,8
janv.-11,Culture_loisirs,60,41,37,5,75
janv.-11,Economie,50,27,24,18,20
janv.-11,Education,13,12,8,4,1
janv.-11,Environnement,14,8,9,3,1
janv.-11,Faits divers,38,43,37,16,4
janv.-11,Histoire_hommages,13,8,6,1,5
janv.-11,International,145,201,133,82,153
janv.-11,Justice,24,28,23,20,3
janv.-11,Politique_France,29,46,31,9,4
janv.-11,Santé,33,27,22,13,5
janv.-11,Sciences et techniques,6,6,9,2,1
janv.-11,Société,89,83,55,38,23
janv.-11,Sport,36,39,16,2,1
févr.-11,Catastrophes,25,18,19,13,2
févr.-11,Culture_loisirs,50,37,20,5,73
févr.-11,Economie,49,44,36,14,5
févr.-11,Education,9,8,12,5,0
févr.-11,Environnement,18,11,7,1,0
févr.-11,Faits divers,48,43,45,18,1
févr.-11,Histoire_hommages,8,9,3,2,9
févr.-11,International,160,225,142,110,187
févr.-11,Justice,40,43,38,35,8
févr.-11,Politique_France,30,42,21,24,4
févr.-11,Santé,25,19,12,8,4
févr.-11,Sciences et techniques,11,5,8,5,3
févr.-11,Société,78,52,50,33,22
févr.-11,Sport,43,52,25,12,0
mars-11,Catastrophes,94,83,58,44,16
mars-11,Culture_loisirs,59,45,22,4,79
mars-11,Economie,62,37,29,21,7
mars-11,Education,9,11,5,3,1
mars-11,Environnement,120,121,69,28,48
mars-11,Faits divers,30,36,30,14,1
mars-11,Histoire_hommages,15,12,10,3,4
mars-11,International,179,218,142,105,193
mars-11,Justice,19,24,22,19,9
mars-11,Politique_France,77,123,83,29,8
mars-11,Santé,31,11,21,9,0
mars-11,Sciences et techniques,7,13,7,2,7
mars-11,Société,70,51,49,44,14
mars-11,Sport,41,42,15,5,0
avr.-11,Catastrophes,22,20,15,12,5
avr.-11,Culture_loisirs,56,40,24,7,55
avr.-11,Economie,49,48,32,21,13
avr.-11,Education,10,5,8,1,1
avr.-11,Environnement,56,30,31,7,19
avr.-11,Faits divers,58,48,44,19,1
avr.-11,Histoire_hommages,6,5,3,1,6
avr.-11,International,115,184,114,91,163
avr.-11,Justice,18,22,21,16,8
avr.-11,Politique_France,22,43,34,15,3
avr.-11,Santé,18,19,25,7,1
avr.-11,Sciences et techniques,12,10,11,6,12
avr.-11,Société,122,101,75,37,28
avr.-11,Sport,37,32,16,2,1
mai-11,Catastrophes,44,33,22,21,4
mai-11,Culture_loisirs,57,52,33,5,92
mai-11,Economie,44,27,26,15,16
mai-11,Education,20,18,11,3,3
mai-11,Environnement,48,44,27,15,21
mai-11,Faits divers,27,20,25,8,1
mai-11,Histoire_hommages,16,15,15,5,10
mai-11,International,120,157,128,86,172
mai-11,Justice,131,130,81,51,25
mai-11,Politique_France,64,71,48,29,4
mai-11,Santé,36,44,36,15,7
mai-11,Sciences et techniques,11,6,6,2,0
mai-11,Société,114,87,61,32,38
mai-11,Sport,59,72,41,13,8
juin-11,Catastrophes,22,26,28,12,0
juin-11,Culture_loisirs,43,30,20,5,70
juin-11,Economie,53,51,42,16,26
juin-11,Education,39,29,18,15,0
juin-11,Environnement,38,24,12,7,11
juin-11,Faits divers,43,37,30,18,0
juin-11,Histoire_hommages,15,10,2,0,8
juin-11,International,74,118,77,62,124
juin-11,Justice,62,65,45,40,11
juin-11,Politique_France,50,74,48,24,5
juin-11,Santé,48,38,31,11,7
juin-11,Sciences et techniques,10,9,6,4,4
juin-11,Société,90,88,53,53,29
juin-11,Sport,47,39,22,4,3
juil.-11,Catastrophes,32,32,20,15,11
juil.-11,Culture_loisirs,68,39,28,11,27
juil.-11,Economie,67,65,49,30,23
juil.-11,Education,12,14,8,4,0
juil.-11,Environnement,23,29,21,12,5
juil.-11,Faits divers,33,21,18,13,1
juil.-11,Histoire_hommages,16,12,9,7,4
juil.-11,International,75,105,69,80,118
juil.-11,Justice,53,54,29,30,8
juil.-11,Politique_France,38,60,43,29,5
juil.-11,Santé,14,11,10,5,0
juil.-11,Sciences et techniques,18,9,9,4,2
juil.-11,Société,91,84,68,49,22
juil.-11,Sport,67,67,43,30,3
août-11,Catastrophes,44,50,36,24,15
août-11,Culture_loisirs,77,50,26,7,44
août-11,Economie,129,136,79,52,42
août-11,Education,16,22,15,6,0
août-11,Environnement,48,32,23,6,9
août-11,Faits divers,49,54,57,29,1
août-11,Histoire_hommages,9,8,5,9,6
août-11,International,77,111,68,83,158
août-11,Justice,44,46,36,30,9
août-11,Politique_France,36,28,38,17,2
août-11,Santé,18,17,18,14,3
août-11,Sciences et techniques,14,6,3,3,0
août-11,Société,137,124,92,79,38
août-11,Sport,81,57,41,24,1
sept.-11,Catastrophes,17,19,13,5,1
sept.-11,Culture_loisirs,49,39,27,14,58
sept.-11,Economie,78,92,39,51,41
sept.-11,Education,18,25,15,10,4
sept.-11,Environnement,23,17,5,6,6
sept.-11,Faits divers,28,29,32,10,0
sept.-11,Histoire_hommages,9,13,9,3,4
sept.-11,International,85,81,44,73,142
sept.-11,Justice,61,73,63,59,15
sept.-11,Politique_France,49,55,53,34,7
sept.-11,Santé,23,14,22,11,5
sept.-11,Sciences et techniques,13,8,10,9,2
sept.-11,Société,71,71,43,53,20
sept.-11,Sport,61,53,29,21,0
oct.-11,Catastrophes,26,26,16,15,8
oct.-11,Culture_loisirs,53,31,23,15,62
oct.-11,Economie,63,65,37,40,37
oct.-11,Education,12,12,2,7,0
oct.-11,Environnement,23,13,10,10,3
oct.-11,Faits divers,30,34,21,14,3
oct.-11,Histoire_hommages,11,16,4,7,12
oct.-11,International,69,75,59,85,133
oct.-11,Justice,45,36,41,28,4
oct.-11,Politique_France,91,140,74,43,10
oct.-11,Santé,20,10,11,2,3
oct.-11,Sciences et techniques,7,8,7,0,1
oct.-11,Société,86,74,57,73,33
oct.-11,Sport,75,63,33,18,0
nov.-11,Catastrophes,69,50,47,21,3
nov.-11,Culture_loisirs,58,50,29,10,80
nov.-11,Economie,95,105,71,43,33
nov.-11,Education,17,15,6,5,2
nov.-11,Environnement,32,39,16,11,11
nov.-11,Faits divers,60,51,46,19,14
nov.-11,Histoire_hommages,17,17,16,8,7
nov.-11,International,100,111,83,116,176
nov.-11,Justice,48,42,27,49,11
nov.-11,Politique_France,43,66,34,28,4
nov.-11,Santé,22,21,20,11,1
nov.-11,Sciences et techniques,20,18,9,12,8
nov.-11,Société,121,102,78,71,48
nov.-11,Sport,44,33,16,11,0
déc.-11,Catastrophes,38,26,28,10,2
déc.-11,Culture_loisirs,68,42,33,8,47
déc.-11,Economie,67,73,48,37,18
déc.-11,Education,8,8,4,7,1
déc.-11,Environnement,20,20,16,8,8
déc.-11,Faits divers,35,37,33,17,1
déc.-11,Histoire_hommages,13,17,8,9,11
déc.-11,International,61,114,40,67,133
déc.-11,Justice,37,28,31,34,14
déc.-11,Politique_France,26,30,27,22,7
déc.-11,Santé,23,33,18,11,2
déc.-11,Sciences et techniques,12,8,10,7,3
déc.-11,Société,149,125,90,80,25
déc.-11,Sport,38,27,11,14,1
janv.-12,Catastrophes,111,80,45,18,2
janv.-12,Culture_loisirs,73,59,38,16,33
janv.-12,Economie,99,111,78,64,31
janv.-12,Education,14,16,10,6,2
janv.-12,Environnement,26,50,15,16,5
janv.-12,Faits divers,29,27,33,12,3
janv.-12,Histoire_hommages,12,8,9,4,10
janv.-12,International,72,97,53,93,178
janv.-12,Justice,28,23,28,19,14
janv.-12,Politique_France,79,103,82,52,13
janv.-12,Santé,32,29,17,11,3
janv.-12,Sciences et techniques,13,9,6,6,3
janv.-12,Société,111,105,74,61,38
janv.-12,Sport,47,44,24,7,0
févr.-12,Catastrophes,63,59,40,11,0
févr.-12,Culture_loisirs,50,36,29,17,36
févr.-12,Economie,65,68,52,30,26
févr.-12,Education,9,13,7,2,3
févr.-12,Environnement,57,47,22,7,6
févr.-12,Faits divers,25,19,17,5,5
févr.-12,Histoire_hommages,10,12,6,4,11
févr.-12,International,53,74,40,79,132
févr.-12,Justice,26,23,28,32,7
févr.-12,Politique_France,87,107,82,51,7
févr.-12,Santé,22,15,15,10,1
févr.-12,Sciences et techniques,5,9,2,4,1
févr.-12,Société,106,98,62,66,35
févr.-12,Sport,37,35,17,9,0
mars-12,Catastrophes,58,52,34,16,2
mars-12,Culture_loisirs,36,22,17,12,20
mars-12,Economie,38,27,27,21,20
mars-12,Education,11,15,6,2,0
mars-12,Environnement,35,27,23,8,12
mars-12,Faits divers,25,29,15,18,5
mars-12,Histoire_hommages,19,20,9,5,8
mars-12,International,40,51,26,68,110
mars-12,Justice,26,29,15,17,10
mars-12,Politique_France,195,198,155,89,35
mars-12,Santé,17,19,13,10,5
mars-12,Sciences et techniques,8,7,8,3,1
mars-12,Société,80,101,40,52,29
mars-12,Sport,36,41,19,6,0
avr.-12,Catastrophes,21,25,17,15,4
avr.-12,Culture_loisirs,37,36,14,14,18
avr.-12,Economie,68,72,35,28,17
avr.-12,Education,9,7,5,1,0
avr.-12,Environnement,27,25,15,9,4
avr.-12,Faits divers,61,42,48,23,5
avr.-12,Histoire_hommages,13,10,9,4,5
avr.-12,International,59,70,33,63,127
avr.-12,Justice,31,35,25,25,12
avr.-12,Politique_France,120,129,109,52,39
avr.-12,Santé,14,18,8,4,1
avr.-12,Sciences et techniques,15,13,7,5,4
avr.-12,Société,72,85,55,53,31
avr.-12,Sport,28,23,22,16,2
mai-12,Catastrophes,42,37,29,12,3
mai-12,Culture_loisirs,63,33,30,19,38
mai-12,Economie,62,69,49,33,33
mai-12,Education,16,18,6,5,1
mai-12,Environnement,22,20,9,8,7
mai-12,Faits divers,40,29,34,12,2
mai-12,Histoire_hommages,13,18,10,7,3
mai-12,International,103,144,69,107,169
mai-12,Justice,28,28,25,33,15
mai-12,Politique_France,174,221,133,62,27
mai-12,Santé,27,15,12,8,2
mai-12,Sciences et techniques,7,10,8,5,2
mai-12,Société,104,94,61,58,30
mai-12,Sport,80,63,40,20,3
juin-12,Catastrophes,15,13,10,12,3
juin-12,Culture_loisirs,47,20,22,12,31
juin-12,Economie,58,70,40,34,39
juin-12,Education,26,33,14,7,0
juin-12,Environnement,19,15,11,7,9
juin-12,Faits divers,43,47,41,23,0
juin-12,Histoire_hommages,22,14,9,4,3
juin-12,International,55,80,37,46,93
juin-12,Justice,30,13,25,23,15
juin-12,Politique_France,84,109,89,35,21
juin-12,Santé,11,19,11,3,1
juin-12,Sciences et techniques,9,9,8,2,2
juin-12,Société,78,97,55,42,31
juin-12,Sport,86,53,29,23,3
juil.-12,Catastrophes,45,62,39,16,7
juil.-12,Culture_loisirs,79,35,32,9,42
juil.-12,Economie,109,127,72,42,38
juil.-12,Education,11,16,7,5,0
juil.-12,Environnement,37,36,17,9,9
juil.-12,Faits divers,39,36,42,13,2
juil.-12,Histoire_hommages,13,22,13,7,14
juil.-12,International,46,96,45,41,129
juil.-12,Justice,20,26,19,18,14
juil.-12,Politique_France,55,55,25,17,6
juil.-12,Santé,19,21,12,8,2
juil.-12,Sciences et techniques,20,14,5,6,6
juil.-12,Société,94,109,77,51,31
juil.-12,Sport,156,172,105,46,10
août-12,Catastrophes,36,47,38,16,8
août-12,Culture_loisirs,52,26,17,8,22
août-12,Economie,62,69,39,34,28
août-12,Education,18,14,5,4,1
août-12,Environnement,50,27,20,10,9
août-12,Faits divers,22,33,19,14,4
août-12,Histoire_hommages,10,17,6,7,6
août-12,International,44,85,42,57,109
août-12,Justice,19,19,20,20,17
août-12,Politique_France,37,32,37,18,6
août-12,Santé,22,31,21,11,2
août-12,Sciences et techniques,27,16,12,5,5
août-12,Société,99,82,62,45,30
août-12,Sport,108,179,73,29,3
sept.-12,Catastrophes,18,19,18,8,3
sept.-12,Culture_loisirs,55,35,20,15,27
sept.-12,Economie,63,106,68,32,37
sept.-12,Education,26,26,27,11,0
sept.-12,Environnement,15,14,14,10,5
sept.-12,Faits divers,60,47,38,6,2
sept.-12,Histoire_hommages,15,10,8,3,7
sept.-12,International,52,67,36,49,98
sept.-12,Justice,30,32,29,28,10
sept.-12,Politique_France,34,39,38,23,5
sept.-12,Santé,14,27,18,9,2
sept.-12,Sciences et techniques,13,7,6,3,1
sept.-12,Société,120,138,89,68,59
sept.-12,Sport,44,36,14,9,0
oct.-12,Catastrophes,59,70,45,20,5
oct.-12,Culture_loisirs,64,43,31,19,39
oct.-12,Economie,87,119,60,31,37
oct.-12,Education,16,23,15,4,4
oct.-12,Environnement,25,25,24,7,6
oct.-12,Faits divers,41,53,40,25,1
oct.-12,Histoire_hommages,15,10,8,3,5
oct.-12,International,55,83,45,81,147
oct.-12,Justice,57,64,54,58,19
oct.-12,Politique_France,49,68,50,24,11
oct.-12,Santé,31,26,22,9,4
oct.-12,Sciences et techniques,15,12,8,2,2
oct.-12,Société,133,139,87,72,43
oct.-12,Sport,61,35,23,17,1
nov.-12,Catastrophes,17,28,15,4,3
nov.-12,Culture_loisirs,46,27,24,5,26
nov.-12,Economie,69,94,49,27,23
nov.-12,Education,5,5,5,5,0
nov.-12,Environnement,23,27,18,9,9
nov.-12,Faits divers,38,44,41,13,2
nov.-12,Histoire_hommages,11,13,7,7,5
nov.-12,International,97,115,54,81,118
nov.-12,Justice,27,32,27,22,10
nov.-12,Politique_France,56,96,63,32,13
nov.-12,Santé,11,22,17,10,2
nov.-12,Sciences et techniques,8,5,4,6,0
nov.-12,Société,111,136,72,69,35
nov.-12,Sport,46,32,27,12,0
déc.-12,Catastrophes,27,36,19,12,4
déc.-12,Culture_loisirs,63,50,37,5,23
déc.-12,Economie,64,93,52,39,19
déc.-12,Education,8,14,10,7,1
déc.-12,Environnement,23,25,18,9,14
déc.-12,Faits divers,49,48,36,13,7
déc.-12,Histoire_hommages,7,6,4,3,7
déc.-12,International,45,83,50,49,119
déc.-12,Justice,21,25,23,22,14
déc.-12,Politique_France,31,43,22,19,3
déc.-12,Santé,35,25,26,9,2
déc.-12,Sciences et techniques,13,12,6,7,1
déc.-12,Société,132,171,101,73,45
déc.-12,Sport,33,17,7,16,0
janv.-13,Catastrophes,52,76,25,12,2
janv.-13,Culture_loisirs,76,67,24,12,23
janv.-13,Economie,68,86,61,45,34
janv.-13,Education,13,9,10,3,3
janv.-13,Environnement,28,30,36,9,5
janv.-13,Faits divers,32,42,30,13,8
janv.-13,Histoire_hommages,10,10,4,7,15
janv.-13,International,143,174,96,75,139
janv.-13,Justice,28,44,33,28,14
janv.-13,Politique_France,35,33,23,10,5
janv.-13,Santé,17,29,20,13,5
janv.-13,Sciences et techniques,9,11,8,7,3
janv.-13,Société,154,166,107,81,56
janv.-13,Sport,56,40,27,18,3
févr.-13,Catastrophes,30,31,22,9,0
févr.-13,Culture_loisirs,40,46,26,15,34
févr.-13,Economie,64,70,49,38,26
févr.-13,Education,16,12,13,3,3
févr.-13,Environnement,27,22,12,9,4
févr.-13,Faits divers,32,33,25,21,3
févr.-13,Histoire_hommages,9,9,3,4,6
févr.-13,International,96,111,57,66,119
févr.-13,Justice,16,11,17,19,8
févr.-13,Politique_France,16,29,13,8,1
févr.-13,Santé,18,21,16,5,3
févr.-13,Sciences et techniques,14,11,3,11,2
févr.-13,Société,139,193,118,77,50
févr.-13,Sport,43,34,25,17,1
mars-13,Catastrophes,42,60,40,9,0
mars-13,Culture_loisirs,35,24,23,14,21
mars-13,Economie,51,81,43,35,34
mars-13,Education,9,9,9,3,0
mars-13,Environnement,25,27,13,10,10
mars-13,Faits divers,22,31,14,10,5
mars-13,Histoire_hommages,13,21,12,10,10
mars-13,International,45,75,30,77,105
mars-13,Justice,32,38,35,19,13
mars-13,Politique_France,42,48,39,20,3
mars-13,Santé,12,15,15,15,2
mars-13,Sciences et techniques,16,8,7,4,1
mars-13,Société,164,156,96,78,50
mars-13,Sport,38,25,11,14,0
avr.-13,Catastrophes,27,31,24,14,5
avr.-13,Culture_loisirs,79,35,24,13,29
avr.-13,Economie,91,82,48,44,32
avr.-13,Education,14,18,13,3,0
avr.-13,Environnement,37,38,22,10,6
avr.-13,Faits divers,46,52,46,32,3
avr.-13,Histoire_hommages,13,11,9,10,7
avr.-13,International,88,128,59,95,134
avr.-13,Justice,29,34,37,32,20
avr.-13,Politique_France,96,127,77,42,18
avr.-13,Santé,29,25,24,15,8
avr.-13,Sciences et techniques,10,13,9,6,3
avr.-13,Société,118,140,69,59,35
avr.-13,Sport,38,33,30,21,0
mai-13,Catastrophes,54,62,40,16,2
mai-13,Culture_loisirs,56,34,39,13,29
mai-13,Economie,49,71,38,37,13
mai-13,Education,16,23,8,3,3
mai-13,Environnement,24,34,27,8,9
mai-13,Faits divers,34,63,31,30,2
mai-13,Histoire_hommages,13,15,8,4,10
mai-13,International,26,60,22,36,103
mai-13,Justice,32,42,31,37,16
mai-13,Politique_France,55,75,36,29,16
mai-13,Santé,28,33,26,17,3
mai-13,Sciences et techniques,12,16,7,6,2
mai-13,Société,75,90,69,41,43
mai-13,Sport,63,48,34,26,0
juin-13,Catastrophes,60,62,39,21,5
juin-13,Culture_loisirs,65,32,22,14,30
juin-13,Economie,41,84,35,26,17
juin-13,Education,26,22,18,6,0
juin-13,Environnement,20,39,12,8,3
juin-13,Faits divers,16,17,22,9,1
juin-13,Histoire_hommages,13,21,12,9,5
juin-13,International,55,67,44,63,115
juin-13,Justice,27,47,35,48,25
juin-13,Politique_France,52,55,44,33,12
juin-13,Santé,18,34,18,14,2
juin-13,Sciences et techniques,8,7,2,8,1
juin-13,Société,79,119,79,56,26
juin-13,Sport,46,47,31,24,0
juil.-13,Catastrophes,96,141,74,50,10
juil.-13,Culture_loisirs,74,53,23,7,33
juil.-13,Economie,63,67,43,25,16
juil.-13,Education,10,12,7,2,0
juil.-13,Environnement,49,59,27,13,3
juil.-13,Faits divers,28,35,24,25,2
juil.-13,Histoire_hommages,9,8,8,1,1
juil.-13,International,54,75,50,62,160
juil.-13,Justice,27,44,25,41,44
juil.-13,Politique_France,51,81,48,32,7
juil.-13,Santé,19,27,21,7,1
juil.-13,Sciences et techniques,11,17,8,4,1
juil.-13,Société,148,192,101,90,32
juil.-13,Sport,57,66,53,50,0
août-13,Catastrophes,34,56,38,18,3
août-13,Culture_loisirs,70,50,25,12,26
août-13,Economie,62,91,52,19,15
août-13,Education,19,8,11,5,0
août-13,Environnement,26,31,19,11,11
août-13,Faits divers,57,63,49,42,5
août-13,Histoire_hommages,8,4,5,5,6
août-13,International,59,102,47,63,110
août-13,Justice,17,27,20,21,19
août-13,Politique_France,23,29,23,12,3
août-13,Santé,13,6,17,5,7
août-13,Sciences et techniques,17,19,10,4,1
août-13,Société,96,142,58,63,19
août-13,Sport,44,52,24,21,1
sept.-13,Catastrophes,16,30,17,12,3
sept.-13,Culture_loisirs,56,35,32,7,27
sept.-13,Economie,53,74,42,34,16
sept.-13,Education,21,30,10,8,2
sept.-13,Environnement,23,39,22,15,13
sept.-13,Faits divers,47,61,41,17,1
sept.-13,Histoire_hommages,5,13,6,5,4
sept.-13,International,95,120,76,53,120
sept.-13,Justice,14,17,19,15,13
sept.-13,Politique_France,30,45,32,15,6
sept.-13,Santé,18,17,16,9,3
sept.-13,Sciences et techniques,15,7,4,6,1
sept.-13,Société,75,92,64,41,22
sept.-13,Sport,44,39,14,15,1
oct.-13,Catastrophes,40,63,42,15,18
oct.-13,Culture_loisirs,71,49,26,14,34
oct.-13,Economie,88,117,87,46,23
oct.-13,Education,19,17,10,1,1
oct.-13,Environnement,20,36,15,15,7
oct.-13,Faits divers,31,37,34,13,1
oct.-13,Histoire_hommages,11,15,14,4,13
oct.-13,International,71,97,38,63,125
oct.-13,Justice,30,31,34,18,14
oct.-13,Politique_France,63,89,50,34,15
oct.-13,Santé,32,24,25,12,5
oct.-13,Sciences et techniques,11,21,7,11,5
oct.-13,Société,101,157,84,70,39
oct.-13,Sport,52,40,31,15,1
nov.-13,Catastrophes,48,57,34,17,11
nov.-13,Culture_loisirs,47,41,13,16,25
nov.-13,Economie,92,109,71,41,20
nov.-13,Education,7,6,8,5,3
nov.-13,Environnement,10,26,21,6,13
nov.-13,Faits divers,33,37,41,15,1
nov.-13,Histoire_hommages,27,31,23,10,16
nov.-13,International,52,78,40,61,102
nov.-13,Justice,12,15,25,19,7
nov.-13,Politique_France,28,28,29,26,5
nov.-13,Santé,11,18,16,3,0
nov.-13,Sciences et techniques,6,15,8,5,4
nov.-13,Société,74,93,66,54,32
nov.-13,Sport,52,32,27,24,2
déc.-13,Catastrophes,58,60,51,33,0
déc.-13,Culture_loisirs,71,69,26,12,33
déc.-13,Economie,86,113,66,31,16
déc.-13,Education,10,12,7,4,2
déc.-13,Environnement,23,31,23,14,3
déc.-13,Faits divers,43,40,38,19,3
déc.-13,Histoire_hommages,46,54,37,26,15
déc.-13,International,79,101,57,87,141
déc.-13,Justice,18,16,24,14,16
déc.-13,Politique_France,28,36,31,29,5
déc.-13,Santé,17,20,19,7,3
déc.-13,Sciences et techniques,9,14,13,7,6
déc.-13,Société,117,158,114,71,44
déc.-13,Sport,33,27,22,11,0
janv.-14,Catastrophes,61,71,47,13,2
janv.-14,Culture_loisirs,50,40,16,13,22
janv.-14,Economie,46,61,34,26,14
janv.-14,Education,18,13,12,3,3
janv.-14,Environnement,29,29,35,14,10
janv.-14,Faits divers,20,20,21,13,1
janv.-14,Histoire_hommages,9,13,13,5,12
janv.-14,International,46,72,35,55,124
janv.-14,Justice,32,34,33,21,12
janv.-14,Politique_France,31,35,31,14,5
janv.-14,Santé,28,25,25,10,1
janv.-14,Sciences et techniques,13,7,12,12,2
janv.-14,Société,114,146,78,63,22
janv.-14,Sport,44,32,24,18,2
févr.-14,Catastrophes,58,54,50,15,2
févr.-14,Culture_loisirs,45,41,16,14,28
févr.-14,Economie,70,76,46,24,14
févr.-14,Education,13,7,1,0,2
févr.-14,Environnement,47,64,28,9,5
févr.-14,Faits divers,17,28,18,14,3
févr.-14,Histoire_hommages,6,10,4,5,9
févr.-14,International,64,99,47,64,115
févr.-14,Justice,20,19,22,23,15
févr.-14,Politique_France,22,20,15,13,9
févr.-14,Santé,15,16,17,7,2
févr.-14,Sciences et techniques,12,11,2,5,1
févr.-14,Société,91,90,56,49,26
févr.-14,Sport,73,117,33,18,5
mars-14,Catastrophes,51,53,29,16,10
mars-14,Culture_loisirs,37,32,23,17,28
mars-14,Economie,39,60,34,17,10
mars-14,Education,7,9,4,1,5
mars-14,Environnement,47,55,37,16,6
mars-14,Faits divers,11,11,10,12,0
mars-14,Histoire_hommages,11,12,12,5,10
mars-14,International,87,111,46,60,113
mars-14,Justice,45,50,39,45,20
mars-14,Politique_France,55,77,62,26,15
mars-14,Santé,14,21,16,9,3
mars-14,Sciences et techniques,11,12,5,6,3
mars-14,Société,64,69,43,40,18
mars-14,Sport,32,35,20,18,0
avr.-14,Catastrophes,18,36,16,20,9
avr.-14,Culture_loisirs,53,50,20,21,35
avr.-14,Economie,67,79,58,26,19
avr.-14,Education,11,8,8,0,2
avr.-14,Environnement,23,27,17,4,4
avr.-14,Faits divers,24,33,34,14,1
avr.-14,Histoire_hommages,21,22,17,8,11
avr.-14,International,74,114,63,78,144
avr.-14,Justice,24,30,35,22,10
avr.-14,Politique_France,112,146,94,54,24
avr.-14,Santé,19,22,20,1,6
avr.-14,Sciences et techniques,15,16,12,7,3
avr.-14,Société,99,130,81,47,35
avr.-14,Sport,46,40,31,39,0
mai-14,Catastrophes,25,32,22,10,10
mai-14,Culture_loisirs,60,33,29,21,23
mai-14,Economie,42,82,43,31,7
mai-14,Education,16,9,6,1,0
mai-14,Environnement,20,23,9,5,2
mai-14,Faits divers,23,29,30,7,0
mai-14,Histoire_hommages,18,24,19,6,9
mai-14,International,114,155,79,77,138
mai-14,Justice,28,36,36,21,7
mai-14,Politique_France,23,38,34,15,8
mai-14,Santé,15,9,16,7,2
mai-14,Sciences et techniques,8,17,2,4,1
mai-14,Société,58,87,64,30,25
mai-14,Sport,52,47,27,27,0
juin-14,Catastrophes,10,24,10,8,3
juin-14,Culture_loisirs,23,40,18,18,30
juin-14,Economie,30,57,27,14,13
juin-14,Education,21,13,17,6,3
juin-14,Environnement,12,24,15,3,3
juin-14,Faits divers,16,19,18,14,1
juin-14,Histoire_hommages,45,57,39,13,6
juin-14,International,48,89,35,62,124
juin-14,Justice,28,41,33,34,17
juin-14,Politique_France,32,43,15,12,7
juin-14,Santé,6,5,8,2,2
juin-14,Sciences et techniques,3,8,4,5,0
juin-14,Société,98,126,83,48,21
juin-14,Sport,150,93,57,46,2
juil.-14,Catastrophes,131,140,87,41,26
juil.-14,Culture_loisirs,49,40,31,27,35
juil.-14,Economie,51,65,43,15,12
juil.-14,Education,9,10,10,4,2
juil.-14,Environnement,19,38,20,9,4
juil.-14,Faits divers,20,29,24,15,1
juil.-14,Histoire_hommages,17,19,12,8,9
juil.-14,International,68,115,43,83,143
juil.-14,Justice,26,45,33,25,13
juil.-14,Politique_France,37,47,38,23,10
juil.-14,Santé,9,22,13,12,6
juil.-14,Sciences et techniques,5,15,7,9,0
juil.-14,Société,95,123,91,47,30
juil.-14,Sport,152,112,69,58,9
août-14,Catastrophes,32,45,35,14,5
août-14,Culture_loisirs,62,37,12,18,26
août-14,Economie,66,68,43,18,12
août-14,Education,17,8,4,2,0
août-14,Environnement,27,23,11,5,3
août-14,Faits divers,16,31,29,8,2
août-14,Histoire_hommages,29,30,26,14,13
août-14,International,75,113,54,82,120
août-14,Justice,16,26,16,13,4
août-14,Politique_France,48,55,45,24,10
août-14,Santé,11,27,13,18,13
août-14,Sciences et techniques,12,11,5,9,2
août-14,Société,51,99,76,37,29
août-14,Sport,47,74,35,29,0
sept.-14,Catastrophes,40,54,40,7,6
sept.-14,Culture_loisirs,63,43,24,20,30
sept.-14,Economie,66,85,60,30,6
sept.-14,Education,23,20,20,5,2
sept.-14,Environnement,24,32,19,7,6
sept.-14,Faits divers,21,30,26,6,1
sept.-14,Histoire_hommages,10,9,8,3,5
sept.-14,International,132,163,67,86,177
sept.-14,Justice,27,29,27,16,6
sept.-14,Politique_France,74,103,76,32,14
sept.-14,Santé,18,30,22,19,12
sept.-14,Sciences et techniques,7,16,8,6,1
sept.-14,Société,109,134,92,42,22
sept.-14,Sport,45,40,23,42,0
oct.-14,Catastrophes,43,51,31,12,3
oct.-14,Culture_loisirs,45,30,28,28,26
oct.-14,Economie,67,81,63,17,11
oct.-14,Education,10,5,2,2,1
oct.-14,Environnement,47,55,35,13,2
oct.-14,Faits divers,17,22,23,10,2
oct.-14,Histoire_hommages,4,9,5,2,5
oct.-14,International,54,99,47,58,121
oct.-14,Justice,24,26,25,16,8
oct.-14,Politique_France,37,37,27,22,8
oct.-14,Santé,27,57,49,17,19
oct.-14,Sciences et techniques,10,10,10,1,3
oct.-14,Société,57,102,98,29,27
oct.-14,Sport,48,33,25,32,0
nov.-14,Catastrophes,40,50,42,6,3
nov.-14,Culture_loisirs,48,38,32,20,21
nov.-14,Economie,50,69,38,19,15
nov.-14,Education,9,9,4,1,0
nov.-14,Environnement,56,32,28,11,13
nov.-14,Faits divers,21,23,20,7,0
nov.-14,Histoire_hommages,25,22,20,5,10
nov.-14,International,58,84,44,48,105
nov.-14,Justice,32,39,31,19,16
nov.-14,Politique_France,37,57,35,29,4
nov.-14,Santé,16,14,18,4,7
nov.-14,Sciences et techniques,17,22,8,7,5
nov.-14,Société,84,86,59,43,33
nov.-14,Sport,38,39,26,41,0
déc.-14,Catastrophes,74,88,57,16,16
déc.-14,Culture_loisirs,80,55,44,28,25
déc.-14,Economie,79,86,61,22,24
déc.-14,Education,11,8,6,5,1
déc.-14,Environnement,33,43,24,10,12
déc.-14,Faits divers,25,31,29,17,10
déc.-14,Histoire_hommages,6,20,11,2,6
déc.-14,International,60,91,35,51,128
déc.-14,Justice,13,16,11,11,14
déc.-14,Politique_France,49,50,39,23,7
déc.-14,Santé,25,30,26,7,10
déc.-14,Sciences et techniques,11,10,6,7,3
déc.-14,Société,141,182,118,65,46
déc.-14,Sport,31,27,17,43,0
janv.-15,Catastrophes,29,27,35,7,5
janv.-15,Culture_loisirs,41,34,18,26,25
janv.-15,Economie,39,48,23,13,8
janv.-15,Education,8,10,6,2,3
janv.-15,Environnement,21,15,8,4,1
janv.-15,Faits divers,6,6,10,4,0
janv.-15,Histoire_hommages,16,14,13,10,11
janv.-15,International,65,98,51,55,108
janv.-15,Justice,13,8,11,13,6
janv.-15,Politique_France,223,262,144,79,58
janv.-15,Santé,18,17,13,5,2
janv.-15,Sciences et techniques,10,4,3,3,0
janv.-15,Société,72,91,67,27,32
janv.-15,Sport,25,23,13,26,0
févr.-15,Catastrophes,48,38,37,4,3
févr.-15,Culture_loisirs,54,37,23,27,26
févr.-15,Economie,84,107,66,29,40
févr.-15,Education,16,7,6,2,1
févr.-15,Environnement,32,27,26,6,2
févr.-15,Faits divers,22,28,20,9,3
févr.-15,Histoire_hommages,7,16,9,2,6
févr.-15,International,65,92,60,52,114
févr.-15,Justice,22,26,17,23,11
févr.-15,Politique_France,50,62,33,20,10
févr.-15,Santé,15,12,15,3,2
févr.-15,Sciences et techniques,8,8,5,5,0
févr.-15,Société,50,76,54,41,20
févr.-15,Sport,41,41,25,27,1
mars-15,Catastrophes,97,133,72,27,15
mars-15,Culture_loisirs,45,30,25,27,23
mars-15,Economie,51,62,35,21,17
mars-15,Education,15,12,7,3,0
mars-15,Environnement,41,41,43,9,10
mars-15,Faits divers,53,59,39,23,8
mars-15,Histoire_hommages,6,9,6,1,9
mars-15,International,64,99,38,42,160
mars-15,Justice,11,21,18,18,13
mars-15,Politique_France,102,138,58,34,15
mars-15,Santé,29,25,17,7,2
mars-15,Sciences et techniques,14,25,12,3,4
mars-15,Société,91,83,68,39,40
mars-15,Sport,36,34,34,41,1
avr.-15,Catastrophes,69,64,53,25,12
avr.-15,Culture_loisirs,43,36,36,34,26
avr.-15,Economie,44,80,50,15,17
avr.-15,Education,13,10,4,0,3
avr.-15,Environnement,17,17,7,6,2
avr.-15,Faits divers,48,51,45,21,2
avr.-15,Histoire_hommages,29,26,30,11,24
avr.-15,International,32,55,19,29,88
avr.-15,Justice,21,18,9,7,13
avr.-15,Politique_France,48,56,48,30,17
avr.-15,Santé,25,7,15,6,2
avr.-15,Sciences et techniques,11,10,7,7,5
avr.-15,Société,73,110,51,32,29
avr.-15,Sport,33,22,20,34,0
mai-15,Catastrophes,27,23,21,5,8
mai-15,Culture_loisirs,50,39,29,23,26
mai-15,Economie,49,89,47,12,5
mai-15,Education,24,22,19,4,4
mai-15,Environnement,18,26,17,4,9
mai-15,Faits divers,16,15,24,4,1
mai-15,Histoire_hommages,21,24,17,10,11
mai-15,International,51,98,35,52,128
mai-15,Justice,25,15,18,15,12
mai-15,Politique_France,33,34,32,18,6
mai-15,Santé,20,20,12,4,2
mai-15,Sciences et techniques,16,6,6,3,0
mai-15,Société,98,97,54,21,27
mai-15,Sport,47,28,25,40,4
juin-15,Catastrophes,32,26,13,10,3
juin-15,Culture_loisirs,51,40,24,29,34
juin-15,Economie,77,142,70,42,47
juin-15,Education,21,23,8,2,0
juin-15,Environnement,39,31,27,4,14
juin-15,Faits divers,25,18,27,11,6
juin-15,Histoire_hommages,23,14,13,7,6
juin-15,International,89,117,55,69,124
juin-15,Justice,27,23,24,25,17
juin-15,Politique_France,79,84,68,49,11
juin-15,Santé,23,8,16,8,5
juin-15,Sciences et techniques,10,15,11,4,6
juin-15,Société,89,106,83,46,29
juin-15,Sport,59,46,38,54,4
juil.-15,Catastrophes,32,55,44,15,4
juil.-15,Culture_loisirs,57,22,30,36,28
juil.-15,Economie,126,154,90,56,56
juil.-15,Education,5,5,3,3,0
juil.-15,Environnement,28,32,25,8,2
juil.-15,Faits divers,8,13,10,7,9
juil.-15,Histoire_hommages,4,8,7,4,4
juil.-15,International,50,89,42,42,103
juil.-15,Justice,4,17,8,8,6
juil.-15,Politique_France,43,31,30,23,5
juil.-15,Santé,11,5,10,9,2
juil.-15,Sciences et techniques,20,12,7,3,3
juil.-15,Société,79,90,50,31,18
juil.-15,Sport,51,54,47,53,4
août-15,Catastrophes,31,62,43,11,18
août-15,Culture_loisirs,54,33,19,25,27
août-15,Economie,96,104,70,42,21
août-15,Education,13,5,7,4,2
août-15,Environnement,27,37,21,8,7
août-15,Faits divers,25,22,22,15,3
août-15,Histoire_hommages,4,9,6,1,7
août-15,International,47,63,30,39,118
août-15,Justice,7,13,13,11,10
août-15,Politique_France,55,52,49,28,14
août-15,Santé,9,11,4,6,2
août-15,Sciences et techniques,18,12,13,5,3
août-15,Société,93,87,68,22,23
août-15,Sport,41,39,31,39,2
sept.-15,Catastrophes,23,39,31,5,1
sept.-15,Culture_loisirs,48,33,30,11,26
sept.-15,Economie,65,100,39,13,11
sept.-15,Education,31,18,22,7,0
sept.-15,Environnement,42,56,33,19,19
sept.-15,Faits divers,12,13,19,7,3
sept.-15,Histoire_hommages,9,7,8,4,6
sept.-15,International,97,156,87,48,149
sept.-15,Justice,19,18,16,14,8
sept.-15,Politique_France,59,86,59,16,21
sept.-15,Santé,15,9,20,4,1
sept.-15,Sciences et techniques,21,13,8,3,7
sept.-15,Société,108,119,66,27,36
sept.-15,Sport,85,37,26,45,2
oct.-15,Catastrophes,74,79,49,14,9
oct.-15,Culture_loisirs,44,33,22,10,27
oct.-15,Economie,32,61,19,9,10
oct.-15,Education,8,16,6,4,2
oct.-15,Environnement,34,19,25,5,9
oct.-15,Faits divers,19,26,22,6,5
oct.-15,Histoire_hommages,5,9,4,2,3
oct.-15,International,53,91,41,43,152
oct.-15,Justice,22,25,28,23,6
oct.-15,Politique_France,34,35,32,10,13
oct.-15,Santé,17,15,14,5,2
oct.-15,Sciences et techniques,3,8,7,2,3
oct.-15,Société,94,100,73,35,23
oct.-15,Sport,65,22,23,35,2
nov.-15,Catastrophes,43,40,33,10,6
nov.-15,Culture_loisirs,33,22,8,6,22
nov.-15,Economie,34,53,33,3,3
nov.-15,Education,5,2,4,1,1
nov.-15,Environnement,52,37,32,15,7
nov.-15,Faits divers,12,7,7,5,1
nov.-15,Histoire_hommages,6,7,4,5,10
nov.-15,International,99,133,57,64,117
nov.-15,Justice,16,11,14,16,1
nov.-15,Politique_France,169,215,149,85,49
nov.-15,Santé,10,8,9,5,1
nov.-15,Sciences et techniques,10,7,4,3,4
nov.-15,Société,42,39,24,20,14
nov.-15,Sport,17,13,10,27,4
déc.-15,Catastrophes,6,19,10,6,2
déc.-15,Culture_loisirs,75,40,29,21,30
déc.-15,Economie,54,60,38,10,6
déc.-15,Education,5,7,3,1,2
déc.-15,Environnement,87,84,69,25,48
déc.-15,Faits divers,18,22,28,7,5
déc.-15,Histoire_hommages,8,9,4,2,4
déc.-15,International,53,112,56,44,122
déc.-15,Justice,16,13,15,13,11
déc.-15,Politique_France,128,125,99,54,37
déc.-15,Santé,19,11,21,4,3
déc.-15,Sciences et techniques,12,9,4,1,3
déc.-15,Société,95,97,62,24,21
déc.-15,Sport,27,14,12,35,2
janv.-16,Catastrophes,24,32,29,6,2
janv.-16,Culture_loisirs,47,41,15,11,23
janv.-16,Economie,53,56,32,13,7
janv.-16,Education,16,5,6,0,4
janv.-16,Environnement,40,31,29,6,6
janv.-16,Faits divers,15,24,23,11,20
janv.-16,Histoire_hommages,22,27,21,18,16
janv.-16,International,45,76,26,48,92
janv.-16,Justice,20,16,22,11,12
janv.-16,Politique_France,79,95,68,42,24
janv.-16,Santé,23,24,23,7,6
janv.-16,Sciences et techniques,12,7,7,5,1
janv.-16,Société,84,102,75,22,22
janv.-16,Sport,27,20,15,10,0
févr.-16,Catastrophes,41,49,42,8,5
févr.-16,Culture_loisirs,43,33,21,8,31
févr.-16,Economie,75,86,58,10,12
févr.-16,Education,10,3,2,1,0
févr.-16,Environnement,14,20,9,0,3
févr.-16,Faits divers,12,14,16,3,6
févr.-16,Histoire_hommages,8,9,6,5,7
févr.-16,International,63,113,34,50,122
févr.-16,Justice,16,23,23,15,5
févr.-16,Politique_France,66,68,57,41,15
févr.-16,Santé,20,9,8,7,4
févr.-16,Sciences et techniques,12,8,4,2,2
févr.-16,Société,83,84,70,27,22
févr.-16,Sport,32,15,15,21,3
mars-16,Catastrophes,17,18,32,6,1
mars-16,Culture_loisirs,58,49,22,9,34
mars-16,Economie,65,75,60,12,4
mars-16,Education,7,4,4,1,2
mars-16,Environnement,18,17,15,5,10
mars-16,Faits divers,14,18,17,7,2
mars-16,Histoire_hommages,21,18,11,7,9
mars-16,International,158,214,128,103,180
mars-16,Justice,12,12,14,5,6
mars-16,Politique_France,53,73,50,30,8
mars-16,Santé,18,12,12,7,2
mars-16,Sciences et techniques,17,19,10,3,7
mars-16,Société,122,135,96,50,20
mars-16,Sport,45,22,18,29,0
avr.-16,Catastrophes,16,15,19,3,8
avr.-16,Culture_loisirs,47,20,18,6,29
avr.-16,Economie,66,64,41,13,8
avr.-16,Education,14,5,8,0,1
avr.-16,Environnement,21,16,21,3,17
avr.-16,Faits divers,12,11,12,9,1
avr.-16,Histoire_hommages,13,16,14,3,6
avr.-16,International,67,98,39,49,106
avr.-16,Justice,21,39,26,19,19
avr.-16,Politique_France,39,48,37,17,6
avr.-16,Santé,20,11,9,0,4
avr.-16,Sciences et techniques,18,18,12,1,3
avr.-16,Société,105,122,100,50,34
avr.-16,Sport,35,26,27,31,0
mai-16,Catastrophes,97,125,96,40,7
mai-16,Culture_loisirs,59,49,42,15,36
mai-16,Economie,42,69,27,6,18
mai-16,Education,15,12,12,1,2
mai-16,Environnement,19,22,14,4,8
mai-16,Faits divers,18,21,23,12,4
mai-16,Histoire_hommages,15,20,12,8,14
mai-16,International,37,82,31,43,140
mai-16,Justice,17,19,20,18,9
mai-16,Politique_France,42,56,34,22,14
mai-16,Santé,13,10,6,1,1
mai-16,Sciences et techniques,19,9,10,2,6
mai-16,Société,156,196,126,43,37
mai-16,Sport,62,44,28,41,4
juin-16,Catastrophes,49,54,59,8,5
juin-16,Culture_loisirs,23,20,15,3,17
juin-16,Economie,21,28,14,2,9
juin-16,Education,15,4,7,1,1
juin-16,Environnement,12,18,11,2,5
juin-16,Faits divers,12,13,11,4,3
juin-16,Histoire_hommages,11,12,11,5,11
juin-16,International,107,144,88,45,138
juin-16,Justice,5,8,10,5,6
juin-16,Politique_France,69,81,45,30,13
juin-16,Santé,6,4,3,1,0
juin-16,Sciences et techniques,10,7,3,2,2
juin-16,Société,64,87,58,27,27
juin-16,Sport,129,55,80,43,9
juil.-16,Catastrophes,20,22,16,0,2
juil.-16,Culture_loisirs,38,27,19,0,26
juil.-16,Economie,34,37,22,0,7
juil.-16,Education,4,5,3,0,0
juil.-16,Environnement,17,7,2,0,3
juil.-16,Faits divers,12,11,10,0,4
juil.-16,Histoire_hommages,21,19,11,0,4
juil.-16,International,53,95,39,0,111
juil.-16,Justice,8,7,5,0,8
juil.-16,Politique_France,162,171,120,0,33
juil.-16,Santé,10,3,5,0,3
juil.-16,Sciences et techniques,17,10,2,0,4
juil.-16,Société,53,44,41,0,22
juil.-16,Sport,131,99,85,0,9
août-16,Catastrophes,56,64,57,0,5
août-16,Culture_loisirs,60,28,23,0,35
août-16,Economie,89,73,48,0,13
août-16,Education,26,8,9,0,0
août-16,Environnement,33,25,16,0,4
août-16,Faits divers,25,21,23,0,3
août-16,Histoire_hommages,7,8,5,0,9
août-16,International,37,72,31,0,166
août-16,Justice,17,13,10,0,11
août-16,Politique_France,70,83,66,0,15
août-16,Santé,11,7,7,0,4
août-16,Sciences et techniques,10,9,4,0,6
août-16,Société,96,78,49,0,26
août-16,Sport,118,166,90,0,9
sept.-16,Catastrophes,18,17,21,0,3
sept.-16,Culture_loisirs,40,34,20,0,28
sept.-16,Economie,75,61,48,0,17
sept.-16,Education,12,7,4,0,0
sept.-16,Environnement,18,25,20,0,3
sept.-16,Faits divers,12,16,14,0,2
sept.-16,Histoire_hommages,12,12,13,0,13
sept.-16,International,56,84,37,0,122
sept.-16,Justice,27,28,20,0,11
sept.-16,Politique_France,76,107,74,0,14
sept.-16,Santé,21,10,17,0,3
sept.-16,Sciences et techniques,19,14,6,0,6
sept.-16,Société,71,57,61,0,25
sept.-16,Sport,34,28,21,0,2
oct.-16,Catastrophes,31,31,25,0,8
oct.-16,Culture_loisirs,40,22,23,0,23
oct.-16,Economie,39,62,47,0,9
oct.-16,Education,7,6,3,0,2
oct.-16,Environnement,12,17,11,0,4
oct.-16,Faits divers,21,32,28,0,7
oct.-16,Histoire_hommages,8,8,10,0,3
oct.-16,International,77,112,50,0,123
oct.-16,Justice,9,9,10,0,2
oct.-16,Politique_France,92,92,85,0,26
oct.-16,Santé,13,7,11,0,2
oct.-16,Sciences et techniques,16,8,5,0,8
oct.-16,Société,58,63,46,0,27
oct.-16,Sport,21,11,12,0,0
nov.-16,Catastrophes,24,28,26,0,7
nov.-16,Culture_loisirs,40,17,14,0,21
nov.-16,Economie,34,53,43,0,9
nov.-16,Education,9,12,3,0,1
nov.-16,Environnement,17,12,22,0,12
nov.-16,Faits divers,12,12,21,0,1
nov.-16,Histoire_hommages,19,18,17,0,11
nov.-16,International,110,150,62,0,162
nov.-16,Justice,10,11,14,0,4
nov.-16,Politique_France,179,207,153,0,23
nov.-16,Santé,21,8,15,0,4
nov.-16,Sciences et techniques,37,16,13,0,4
nov.-16,Société,53,62,59,0,29
nov.-16,Sport,33,15,18,0,1
déc.-16,Catastrophes,14,12,7,0,8
déc.-16,Culture_loisirs,54,25,25,0,27
déc.-16,Economie,41,51,31,0,11
déc.-16,Education,12,3,3,0,1
déc.-16,Environnement,33,30,29,0,5
déc.-16,Faits divers,7,5,12,0,3
déc.-16,Histoire_hommages,17,21,22,0,13
déc.-16,International,86,131,66,0,135
déc.-16,Justice,22,24,35,0,13
déc.-16,Politique_France,67,58,51,0,8
déc.-16,Santé,16,11,10,0,2
déc.-16,Sciences et techniques,9,10,9,0,1
déc.-16,Société,90,71,58,0,26
déc.-16,Sport,24,20,18,0,2
janv.-17,Catastrophes,50,59,49,0,3
janv.-17,Culture_loisirs,48,33,27,0,34
janv.-17,Economie,44,70,40,0,9
janv.-17,Education,14,7,5,0,2
janv.-17,Environnement,42,35,27,0,6
janv.-17,Faits divers,10,13,20,0,4
janv.-17,Histoire_hommages,9,12,8,0,11
janv.-17,International,57,110,51,0,163
janv.-17,Justice,13,14,20,0,11
janv.-17,Politique_France,174,141,114,0,26
janv.-17,Santé,19,18,28,0,3
janv.-17,Sciences et techniques,26,12,7,0,5
janv.-17,Société,78,80,71,0,20
janv.-17,Sport,50,26,31,0,1
févr.-17,Catastrophes,19,21,27,0,1
févr.-17,Culture_loisirs,51,30,25,0,27
févr.-17,Economie,67,56,57,0,10
févr.-17,Education,7,7,3,0,1
févr.-17,Environnement,11,10,8,0,1
févr.-17,Faits divers,28,39,37,0,7
févr.-17,Histoire_hommages,1,3,4,0,3
févr.-17,International,34,73,21,0,129
févr.-17,Justice,23,24,17,0,9
févr.-17,Politique_France,125,144,101,0,20
févr.-17,Santé,9,8,9,0,1
févr.-17,Sciences et techniques,12,9,4,0,3
févr.-17,Société,71,47,39,0,18
févr.-17,Sport,21,21,14,0,3
mars-17,Catastrophes,7,12,15,0,2
mars-17,Culture_loisirs,21,19,20,0,25
mars-17,Economie,43,41,23,0,12
mars-17,Education,10,6,6,0,1
mars-17,Environnement,12,18,16,0,7
mars-17,Faits divers,26,23,26,0,2
mars-17,Histoire_hommages,8,9,7,0,5
mars-17,International,51,80,50,0,123
mars-17,Justice,12,13,20,0,14
mars-17,Politique_France,138,157,86,0,17
mars-17,Santé,15,5,7,0,2
mars-17,Sciences et techniques,15,8,7,0,8
mars-17,Société,74,80,63,0,27
mars-17,Sport,25,14,11,0,0
avr.-17,Catastrophes,7,4,6,0,2
avr.-17,Culture_loisirs,21,14,15,0,20
avr.-17,Economie,37,31,19,0,10
avr.-17,Education,4,5,0,0,1
avr.-17,Environnement,10,16,14,0,3
avr.-17,Faits divers,5,6,10,0,0
avr.-17,Histoire_hommages,4,5,4,0,5
avr.-17,International,63,101,50,0,118
avr.-17,Justice,5,5,12,0,9
avr.-17,Politique_France,145,210,130,0,58
avr.-17,Santé,8,3,7,0,1
avr.-17,Sciences et techniques,15,9,7,0,13
avr.-17,Société,49,43,47,0,20
avr.-17,Sport,19,13,10,0,0
mai-17,Catastrophes,7,11,12,0,3
mai-17,Culture_loisirs,24,27,30,0,29
mai-17,Economie,55,32,40,0,7
mai-17,Education,12,8,6,0,0
mai-17,Environnement,19,13,18,0,13
mai-17,Faits divers,8,7,14,0,5
mai-17,Histoire_hommages,6,8,7,0,9
mai-17,International,74,92,65,0,134
mai-17,Justice,16,21,15,0,19
mai-17,Politique_France,234,306,177,0,55
mai-17,Santé,10,6,7,0,3
mai-17,Sciences et techniques,26,12,14,0,10
mai-17,Société,57,54,37,0,23
mai-17,Sport,36,26,22,0,0
juin-17,Catastrophes,24,26,19,0,11
juin-17,Culture_loisirs,30,21,17,0,17
juin-17,Economie,31,37,37,0,13
juin-17,Education,19,14,9,0,0
juin-17,Environnement,28,16,23,0,8
juin-17,Faits divers,7,5,7,0,0
juin-17,Histoire_hommages,16,22,17,0,12
juin-17,International,53,84,49,0,107
juin-17,Justice,28,29,21,0,14
juin-17,Politique_France,145,158,102,0,35
juin-17,Santé,11,5,8,0,4
juin-17,Sciences et techniques,17,13,5,0,11
juin-17,Société,36,42,24,0,21
juin-17,Sport,26,29,13,0,1
juil.-17,Catastrophes,63,59,47,0,3
juil.-17,Culture_loisirs,44,13,22,0,24
juil.-17,Economie,68,84,39,0,13
juil.-17,Education,13,9,6,0,1
juil.-17,Environnement,29,20,19,0,15
juil.-17,Faits divers,2,3,1,0,1
juil.-17,Histoire_hommages,16,18,12,0,11
juil.-17,International,34,51,33,0,121
juil.-17,Justice,13,17,14,0,8
juil.-17,Politique_France,87,87,61,0,13
juil.-17,Santé,10,1,11,0,8
juil.-17,Sciences et techniques,14,4,5,0,8
juil.-17,Société,64,71,48,0,17
juil.-17,Sport,33,44,40,0,2
août-17,Catastrophes,50,48,68,0,17
août-17,Culture_loisirs,56,41,24,0,34
août-17,Economie,78,89,42,0,16
août-17,Education,28,12,11,0,0
août-17,Environnement,46,24,15,0,14
août-17,Faits divers,14,21,23,0,3
août-17,Histoire_hommages,15,13,21,0,13
août-17,International,74,116,76,0,173
août-17,Justice,6,8,8,0,13
août-17,Politique_France,69,71,58,0,7
août-17,Santé,31,26,20,0,9
août-17,Sciences et techniques,12,9,8,0,9
août-17,Société,101,94,65,0,28
août-17,Sport,45,42,43,0,4
sept.-17,Catastrophes,103,92,95,16,20
sept.-17,Culture_loisirs,29,19,22,2,21
sept.-17,Economie,58,68,55,13,7
sept.-17,Education,23,10,8,2,3
sept.-17,Environnement,19,17,21,3,9
sept.-17,Faits divers,13,9,18,5,0
sept.-17,Histoire_hommages,6,7,6,2,6
sept.-17,International,45,73,36,25,146
sept.-17,Justice,10,9,7,3,7
sept.-17,Politique_France,33,43,28,16,7
sept.-17,Santé,20,7,12,1,4
sept.-17,Sciences et techniques,11,7,4,2,4
sept.-17,Société,80,93,61,21,26
sept.-17,Sport,40,28,15,9,0
oct.-17,Catastrophes,25,33,28,5,8
oct.-17,Culture_loisirs,43,25,24,6,28
oct.-17,Economie,72,82,55,17,7
oct.-17,Education,20,14,6,2,1
oct.-17,Environnement,16,25,16,6,5
oct.-17,Faits divers,32,33,41,13,10
oct.-17,Histoire_hommages,9,10,8,6,5
oct.-17,International,85,126,69,27,168
oct.-17,Justice,21,24,34,14,10
oct.-17,Politique_France,55,79,68,15,12
oct.-17,Santé,19,25,20,3,8
oct.-17,Sciences et techniques,18,9,5,5,17
oct.-17,Société,98,111,71,23,40
oct.-17,Sport,31,15,9,5,0
nov.-17,Catastrophes,13,16,21,9,4
nov.-17,Culture_loisirs,36,16,12,8,22
nov.-17,Economie,57,80,47,10,8
nov.-17,Education,16,5,10,4,4
nov.-17,Environnement,27,19,14,6,23
nov.-17,Faits divers,21,20,26,4,4
nov.-17,Histoire_hommages,9,10,7,3,7
nov.-17,International,52,64,29,32,94
nov.-17,Justice,19,29,21,8,15
nov.-17,Politique_France,40,62,41,14,5
nov.-17,Santé,22,20,20,7,8
nov.-17,Sciences et techniques,14,5,9,1,7
nov.-17,Société,85,90,67,19,30
nov.-17,Sport,31,22,26,5,1
déc.-17,Catastrophes,60,53,60,8,4
déc.-17,Culture_loisirs,32,16,20,2,18
déc.-17,Economie,63,69,30,6,14
déc.-17,Education,12,5,4,2,0
déc.-17,Environnement,17,28,8,6,9
déc.-17,Faits divers,16,12,28,5,2
déc.-17,Histoire_hommages,66,55,47,5,5
déc.-17,International,34,90,31,25,138
déc.-17,Justice,5,7,14,2,6
déc.-17,Politique_France,34,55,37,12,11
déc.-17,Santé,17,17,20,0,3
déc.-17,Sciences et techniques,7,6,3,5,12
déc.-17,Société,87,82,67,11,28
déc.-17,Sport,24,15,12,5,1
janv.-18,Catastrophes,103,107,115,8,2
janv.-18,Culture_loisirs,45,31,26,7,25
janv.-18,Economie,59,75,38,14,11
janv.-18,Education,16,11,4,2,4
janv.-18,Environnement,42,47,18,9,12
janv.-18,Faits divers,18,23,22,4,4
janv.-18,Histoire_hommages,17,22,12,2,11
janv.-18,International,38,66,33,20,140
janv.-18,Justice,20,30,22,5,8
janv.-18,Politique_France,74,82,68,13,17
janv.-18,Santé,31,22,23,6,13
janv.-18,Sciences et techniques,19,7,5,3,13
janv.-18,Société,98,83,65,23,34
janv.-18,Sport,31,14,15,4,1
févr.-18,Catastrophes,99,55,55,10,2
févr.-18,Culture_loisirs,20,21,23,9,21
févr.-18,Economie,65,60,38,7,11
févr.-18,Education,14,8,2,1,1
févr.-18,Environnement,34,30,31,6,7
févr.-18,Faits divers,30,25,31,5,8
févr.-18,Histoire_hommages,3,4,2,0,9
févr.-18,International,32,70,25,18,120
févr.-18,Justice,31,33,30,14,10
févr.-18,Politique_France,40,66,45,18,12
févr.-18,Santé,17,9,10,0,3
févr.-18,Sciences et techniques,14,3,2,6,10
févr.-18,Société,73,67,44,18,19
févr.-18,Sport,39,48,26,16,2
mars-18,Catastrophes,20,12,19,3,1
mars-18,Culture_loisirs,25,25,20,5,26
mars-18,Economie,39,45,30,6,9
mars-18,Education,12,9,9,5,0
mars-18,Environnement,25,20,21,4,9
mars-18,Faits divers,21,18,17,8,7
mars-18,Histoire_hommages,9,5,4,3,4
mars-18,International,62,98,51,23,134
mars-18,Justice,37,27,34,6,6
mars-18,Politique_France,73,75,58,13,13
mars-18,Santé,13,18,8,2,2
mars-18,Sciences et techniques,20,10,3,4,11
mars-18,Société,93,113,85,25,26
mars-18,Sport,23,17,13,7,0
avr.-18,Catastrophes,14,14,14,2,1
avr.-18,Culture_loisirs,17,18,18,4,25
avr.-18,Economie,47,33,27,5,7
avr.-18,Education,23,17,11,4,6
avr.-18,Environnement,22,19,11,1,7
avr.-18,Faits divers,21,12,20,5,6
avr.-18,Histoire_hommages,10,9,12,5,7
avr.-18,International,51,77,34,18,105
avr.-18,Justice,16,20,11,7,11
avr.-18,Politique_France,47,55,56,14,15
avr.-18,Santé,15,15,10,1,4
avr.-18,Sciences et techniques,15,2,3,8,12
avr.-18,Société,154,177,140,28,40
avr.-18,Sport,14,21,7,5,0
mai-18,Catastrophes,33,32,25,4,4
mai-18,Culture_loisirs,25,34,31,13,35
mai-18,Economie,62,69,38,4,10
mai-18,Education,23,18,8,6,4
mai-18,Environnement,28,17,20,2,13
mai-18,Faits divers,29,30,38,7,4
mai-18,Histoire_hommages,10,20,14,3,7
mai-18,International,70,95,41,36,156
mai-18,Justice,9,23,14,6,6
mai-18,Politique_France,49,54,55,10,15
mai-18,Santé,16,17,10,7,12
mai-18,Sciences et techniques,17,4,2,3,8
mai-18,Société,170,169,112,28,39
mai-18,Sport,37,30,15,6,0
juin-18,Catastrophes,35,39,53,5,5
juin-18,Culture_loisirs,17,20,15,4,20
juin-18,Economie,41,61,32,11,8
juin-18,Education,12,9,8,3,3
juin-18,Environnement,17,38,18,4,7
juin-18,Faits divers,15,15,24,7,4
juin-18,Histoire_hommages,6,10,6,3,4
juin-18,International,65,97,53,17,137
juin-18,Justice,14,17,16,3,8
juin-18,Politique_France,24,41,29,6,8
juin-18,Santé,12,9,9,1,6
juin-18,Sciences et techniques,10,7,5,4,6
juin-18,Société,72,87,64,12,26
juin-18,Sport,117,53,45,14,4
